Transaction_ID,Transaction_Date,Area,Property_Type,Property_Sub_Type,Property_Size_SqM,Transaction_Amount_AED,Rooms,Parking_Spaces,Transaction_Type,Source_Channel
dxb-101018,2025-09-21,jumeirah village circle,apartment,2 br,407.9,4480815.0,2.0,3,sale,developer
dxb-100222,2023-06-23,jumeirah,villa,6 br,71.7,2034323.0,6.0,3,sale,broker
dxb-100310,2026-07-08,al barsha,apartment,studio,126.7,2012324.0,0.0,0,sale,developer
dxb-101268,2023-07-24,dubai marina,apartment,1 br,36.8,1064931.0,1.0,2,mortgage,dld
dxb-101361,2025-12-05,jumeirah,apartment,2 br,114.6,2170758.0,2.0,3,sale,developer
dxb-100307,2024-08-03,jumeirah village circle,villa,6 br,202.9,3054340.0,6.0,2,sale,developer
dxb-100292,2024-01-05,business bay,hotel apartment,2 br,79.4,2276293.0,2.0,2,sale,broker
dxb-101103,2025-02-19,dubai marina,townhouse,3 br,368.5,6759447.0,3.0,3,sale,broker
dxb-100491,2024-05-21,international city,villa,5 br,516.9,3802875.0,5.0,0,sale,broker
dxb-100509,2024-08-07,dubai hills estate,apartment,1 br,113.9,2584807.0,1.0,3,mortgage,developer
dxb-101463,2026-06-26,international city,apartment,1 br,114.0,1291138.0,1.0,1,sale,developer
dxb-100684,2023-06-10,mirdif,villa,6 br,74.8,1059119.0,6.0,1,sale,developer
dxb-101248,2026-05-09,bur dubai,penthouse,4 br,114.8,2795820.0,4.0,2,mortgage,dld
dxb-100485,2024-10-16,dubai marina,apartment,studio,107.35,85000000.0,0.0,1,sale,dld
dxb-101315,2025-12-01,jumeirah lake towers,villa,3 br,77.9,1381612.0,3.0,3,sale,developer
dxb-100042,2023-03-15,jlt,villa,6 br,131.0,3212161.0,6.0,0,mortgage,dld
dxb-100818,2025-09-11,international city,villa,6 br,77.7,1200052.0,6.0,2,sale,dld
dxb-100781,2023-12-01,business bay,hotel apartment,2 br,71.5,1813218.0,2.0,2,sale,dld
dxb-101293,2024-07-14,downtown dubai,apartment,3 br,136.8,2184626.0,3.0,1,sale,developer
dxb-100618,2023-09-09,palm jumeirah,apartment,3 br,57.3,1925315.0,3.0,1,mortgage,dld
dxb-100662,2023-05-30,mirdif,apartment,1 br,433.1,5258295.0,1.0,3,sale,dld
dxb-101132,2025-03-06,arabian ranches,apartment,2 br,138.2,3365064.0,2.0,0,sale,dld
dxb-100211,2024-12-07,Unknown,villa,6 br,88.3,1898903.0,6.0,2,mortgage,dld
dxb-100602,2025-06-19,jumeirah village circle,hotel apartment,studio,52.7,505183.0,0.0,3,sale,dld
dxb-101190,2023-11-25,palm jumeirah,apartment,1 br,133.8,2507350.0,1.0,2,mortgage,dld
dxb-100835,2023-08-03,arabian ranches,villa,3 br,183.1,5390353.0,3.0,3,sale,dld
dxb-101403,2025-01-03,mirdif,apartment,3 br,119.5,1907395.0,3.0,3,sale,developer
dxb-101426,2023-11-20,business bay,apartment,2 br,322.2,8862546.0,2.0,0,sale,dld
dxb-100400,2025-06-06,deira,apartment,1 br,88.4,824425.0,1.0,1,mortgage,dld
dxb-100581,2024-08-02,jumeirah,apartment,2 br,107.0,85000000.0,2.0,1,sale,dld
dxb-100203,2024-04-25,jumeirah village circle,apartment,3 br,220.6,663064.0,3.0,3,sale,developer
dxb-100838,2023-04-30,mirdif,apartment,1 br,52.5,1945895.0,1.0,2,sale,dld
dxb-100512,2023-12-26,downtown dubai,apartment,2 br,91.8,3770999.0,2.0,1,sale,broker
dxb-100534,2024-03-22,downtown dubai,apartment,studio,38.8,782327.0,0.0,1,sale,developer
dxb-100935,2024-11-24,deira,apartment,3 br,130.7,1531225.0,3.0,0,sale,dld
dxb-100871,2023-07-18,downtown dubai,apartment,2 br,188.8,7258832.0,2.0,3,sale,dld
dxb-100997,2024-08-02,deira,apartment,1 br,61.5,448373.0,1.0,2,sale,broker
dxb-100716,2024-11-28,dubai hills estate,villa,6 br,113.1,2130218.0,6.0,0,sale,dld
dxb-100819,2026-04-04,bur dubai,apartment,studio,99.7,1741876.0,0.0,3,sale,broker
dxb-101017,2024-10-03,jumeirah village circle,townhouse,4 br,73.7,1032251.0,4.0,1,sale,dld
dxb-100365,2024-10-07,jumeirah,apartment,2 br,86.2,1929240.0,2.0,0,sale,developer
dxb-101379,2025-05-10,bur dubai,apartment,studio,112.6,1575446.0,0.0,2,sale,broker
dxb-100234,2024-12-18,dubai silicon oasis,hotel apartment,2 br,78.2,1312158.0,2.0,1,sale,dld
dxb-100938,2023-04-05,arabian ranches,penthouse,3 br,62.5,1962426.0,3.0,2,sale,developer
dxb-100560,2024-04-12,downtown dubai,apartment,2 br,125.6,2910886.0,2.0,3,sale,dld
dxb-101416,2025-02-12,al barsha,apartment,1 br,146.3,2348310.0,1.0,1,sale,developer
dxb-100889,2026-07-21,deira,villa,6 br,106.2,1194972.0,6.0,3,sale,dld
dxb-100273,2024-05-26,palm jumeirah,villa,6 br,143.1,5894671.0,6.0,2,sale,dld
dxb-101493,2024-10-17,business bay,townhouse,3 br,120.8,2557790.0,3.0,0,sale,developer
dxb-101337,2023-05-08,jumeirah lake towers,villa,3 br,54.6,1543872.0,3.0,3,sale,dld
dxb-101383,2024-09-29,dubai silicon oasis,hotel apartment,studio,154.0,2302379.0,0.0,2,sale,dld
dxb-100576,2026-06-18,international city,hotel apartment,studio,62.2,715260.0,0.0,3,sale,dld
dxb-100086,2024-09-13,jumeirah village circle,villa,3 br,35.7,325844.0,3.0,2,sale,broker
dxb-101200,2024-04-01,arabian ranches,villa,5 br,105.7,3241288.0,5.0,2,sale,broker
dxb-100874,2023-10-04,international city,villa,5 br,120.0,1259910.0,5.0,0,mortgage,dld
dxb-100653,2023-01-04,al barsha,apartment,2 br,62.6,766716.0,2.0,3,sale,developer
dxb-100846,2023-11-10,jumeirah,apartment,1 br,39.0,1468142.0,1.0,3,sale,dld
dxb-101300,2024-03-04,jumeirah lake towers,apartment,studio,238.5,4555410.0,0.0,0,mortgage,dld
dxb-100852,2023-12-21,downtown dubai,penthouse,2 br,56.3,2321643.0,2.0,1,mortgage,broker
dxb-100057,2024-07-29,jumeirah village circle,villa,6 br,156.4,3636052.0,6.0,0,sale,dld
dxb-100074,2023-09-27,dubai silicon oasis,apartment,2 br,197.0,1909703.0,2.0,0,mortgage,dld
dxb-100156,2026-02-03,jumeirah,apartment,studio,187.4,4181274.0,0.0,0,sale,dld
dxb-100389,2024-09-09,arabian ranches,penthouse,3 br,120.4,4800864.0,3.0,3,mortgage,dld
dxb-101444,2023-06-03,jumeirah,apartment,1 br,102.2,2158832.0,1.0,1,sale,developer
dxb-101339,2023-05-12,al barsha,apartment,2 br,136.6,2182853.0,2.0,2,sale,developer
dxb-100338,2024-11-06,deira,apartment,3 br,91.9,362830.0,3.0,0,mortgage,developer
dxb-100403,2025-05-28,mirdif,apartment,2 br,96.0,617503.0,2.0,1,sale,broker
dxb-101334,2025-10-18,bur dubai,hotel apartment,studio,132.7,2478664.0,0.0,0,sale,dld
dxb-101296,2024-03-09,palm jumeirah,apartment,3 br,180.9,3904328.0,3.0,1,sale,dld
dxb-101238,2023-02-03,jumeirah,apartment,studio,153.5,4241623.0,0.0,2,mortgage,broker
dxb-100495,2023-05-28,al barsha,apartment,studio,308.7,6870925.0,0.0,2,sale,broker
dxb-101131,2025-12-31,bur dubai,apartment,2 br,121.5,1199694.0,2.0,0,sale,dld
dxb-101072,2024-07-22,deira,apartment,studio,92.8,829145.0,0.0,2,sale,dld
dxb-100500,2026-02-11,dubai marina,townhouse,2 br,116.6,3124009.0,2.0,3,sale,dld
dxb-101283,2026-01-30,palm jumeirah,villa,6 br,213.8,7950433.0,6.0,0,sale,broker
dxb-101068,2024-10-30,jumeirah,apartment,1 br,179.9,2011320.0,1.0,2,sale,dld
dxb-101398,2024-12-08,downtown dubai,villa,5 br,57.1,1927614.0,5.0,0,sale,dld
dxb-100678,2026-05-31,dubai silicon oasis,apartment,studio,72.2,880747.0,0.0,0,sale,dld
dxb-101359,2023-04-20,mirdif,apartment,2 br,68.3,787240.0,2.0,2,mortgage,developer
dxb-100478,2023-01-14,palm jumeirah,villa,6 br,36.1,1513378.0,6.0,0,mortgage,dld
dxb-100191,2024-07-22,arabian ranches,apartment,studio,125.6,3960584.0,0.0,3,sale,developer
dxb-100559,2024-10-31,al barsha,apartment,2 br,94.2,1310916.0,2.0,0,sale,dld
dxb-101347,2025-07-15,jumeirah village circle,apartment,2 br,238.6,3116857.0,2.0,0,sale,dld
dxb-100774,2025-07-30,palm jumeirah,apartment,2 br,152.7,3709960.0,2.0,3,mortgage,dld
dxb-100350,2023-09-04,jumeirah village circle,villa,6 br,225.3,3922494.0,6.0,0,sale,dld
dxb-100253,2025-01-18,dubai hills estate,apartment,3 br,64.1,1057963.0,3.0,0,sale,dld
dxb-101125,2025-11-29,al barsha,villa,5 br,152.0,2421725.0,5.0,0,sale,broker
dxb-100669,2023-01-25,business bay,apartment,studio,51.2,1336022.0,0.0,2,sale,broker
dxb-100372,2025-05-31,jumeirah lake towers,apartment,studio,146.0,1843007.0,0.0,2,sale,dld
dxb-100993,2025-05-13,jumeirah lake towers,apartment,studio,169.8,2659975.0,0.0,1,mortgage,dld
dxb-100655,2024-12-03,al barsha,apartment,3 br,70.8,735133.0,3.0,2,sale,dld
dxb-101162,2025-11-17,dubai silicon oasis,townhouse,4 br,41.7,612891.0,4.0,2,mortgage,dld
dxb-101013,2025-09-30,al barsha,hotel apartment,2 br,225.7,2367063.0,2.0,1,sale,dld
dxb-101272,2026-03-28,bur dubai,apartment,1 br,95.4,1233926.0,1.0,2,mortgage,dld
dxb-100923,2025-02-25,palm jumeirah,apartment,studio,58.4,976354.0,0.0,0,sale,dld
dxb-101212,2024-10-22,palm jumeirah,villa,4 br,39.9,747843.0,4.0,2,sale,dld
dxb-100390,2023-04-02,business bay,villa,6 br,168.7,3427761.0,6.0,2,sale,dld
dxb-101367,2023-11-22,jumeirah village circle,apartment,3 br,86.2,1068041.0,3.0,2,mortgage,dld
dxb-100717,2025-03-13,business bay,apartment,2 br,241.3,7026878.0,2.0,0,sale,dld
dxb-100921,2023-06-14,international city,townhouse,4 br,115.6,1200211.0,4.0,3,mortgage,dld
dxb-101439,2025-01-13,jumeirah lake towers,hotel apartment,studio,58.9,1255624.0,0.0,1,mortgage,dld
dxb-101462,2023-04-28,dubai silicon oasis,apartment,3 br,126.2,1546949.0,3.0,2,sale,dld
dxb-100992,2026-04-18,jumeirah village circle,townhouse,2 br,179.2,2227913.0,2.0,1,sale,dld
dxb-100032,2023-03-10,dubai silicon oasis,apartment,2 br,45.6,670536.0,2.0,0,sale,broker
dxb-100798,2023-01-10,dubai marina,villa,3 br,161.7,2524559.0,3.0,2,sale,dld
dxb-100141,2025-11-01,palm jumeirah,apartment,studio,220.8,9021973.0,0.0,3,mortgage,developer
dxb-100504,2023-12-17,dubai marina,apartment,3 br,116.2,1522254.0,3.0,1,sale,broker
dxb-100451,2024-10-30,dubai marina,penthouse,2 br,105.6,3561526.0,2.0,0,mortgage,dld
dxb-100405,2025-10-01,dubai hills estate,penthouse,3 br,60.7,2588852.0,3.0,2,mortgage,dld
dxb-100201,2025-08-04,bur dubai,hotel apartment,studio,82.3,1173136.0,0.0,1,mortgage,dld
dxb-100730,2025-07-25,arabian ranches,apartment,studio,130.7,2947893.0,0.0,1,sale,broker
dxb-100903,2023-02-05,Unknown,apartment,2 br,151.1,4076063.0,2.0,2,mortgage,dld
dxb-101010,2026-06-22,dubai hills estate,villa,4 br,161.8,4461638.0,4.0,0,sale,broker
dxb-100333,2023-02-19,deira,penthouse,2 br,25.0,297223.0,2.0,3,sale,dld
dxb-101213,2025-03-06,arabian ranches,apartment,2 br,115.8,1553986.0,2.0,2,mortgage,dld
dxb-100667,2023-10-11,jvc,hotel apartment,studio,187.3,2216846.0,0.0,0,sale,dld
dxb-100224,2025-08-05,international city,apartment,1 br,95.1,958083.0,1.0,2,sale,broker
dxb-100944,2023-02-27,downtown dubai,apartment,1 br,131.1,3368163.0,1.0,2,sale,dld
dxb-100570,2023-07-02,jumeirah,apartment,3 br,57.1,1593058.0,3.0,2,sale,dld
dxb-100636,2024-05-20,dubai silicon oasis,villa,4 br,175.6,3415347.0,4.0,3,sale,developer
dxb-100382,2023-07-30,mirdif,townhouse,3 br,176.7,987369.0,3.0,2,sale,dld
dxb-101178,2025-08-20,palm jumeirah,apartment,2 br,149.5,4005636.0,2.0,1,sale,broker
dxb-100536,2024-07-05,dubai marina,apartment,3 br,184.0,4491478.0,3.0,3,mortgage,dld
dxb-101427,2026-02-07,al barsha,apartment,2 br,133.5,2811061.0,2.0,1,sale,dld
dxb-100442,2026-06-05,palm jumeirah,townhouse,4 br,78.7,1702318.0,4.0,1,sale,dld
dxb-100285,2023-09-19,al barsha,apartment,1 br,375.7,6523614.0,1.0,2,sale,dld
dxb-101216,2024-12-28,al barsha,apartment,studio,5000.0,45000000.0,0.0,3,sale,broker
dxb-100895,2023-10-22,bur dubai,penthouse,2 br,125.1,2339271.0,2.0,0,mortgage,dld
dxb-100910,2024-07-21,business bay,townhouse,2 br,304.2,3275737.0,2.0,0,mortgage,broker
dxb-101285,2025-04-17,jumeirah,hotel apartment,1 br,283.0,9697700.0,1.0,3,sale,dld
dxb-101051,2023-06-03,dubai hills estate,apartment,1 br,70.6,2061907.0,1.0,0,mortgage,developer
dxb-101370,2023-12-22,dubai silicon oasis,apartment,3 br,79.3,1314935.0,3.0,2,sale,broker
dxb-100342,2025-04-25,downtown dubai,townhouse,2 br,59.0,2037360.0,2.0,2,mortgage,dld
dxb-100383,2025-12-08,bur dubai,apartment,studio,100.6,1810345.0,0.0,0,mortgage,developer
dxb-101235,2025-12-31,dubai marina,apartment,2 br,104.4,1969191.0,2.0,0,mortgage,dld
dxb-100598,2025-05-10,jumeirah lake towers,hotel apartment,2 br,99.2,2440272.0,2.0,3,sale,dld
dxb-101289,2024-06-10,jumeirah lake towers,villa,6 br,664.5,14503390.0,6.0,0,sale,dld
dxb-100894,2026-04-24,international city,townhouse,3 br,124.8,1033203.0,3.0,3,sale,broker
dxb-100886,2024-03-31,downtown dubai,apartment,studio,107.35,2765006.0,0.0,2,sale,dld
dxb-100014,2025-06-04,al barsha,apartment,3 br,138.7,2257797.0,3.0,3,sale,broker
dxb-100126,2023-08-06,deira,apartment,studio,92.4,741355.0,0.0,1,sale,dld
dxb-101156,2024-01-25,arabian ranches,apartment,3 br,166.5,2704014.0,3.0,0,sale,dld
dxb-100172,2026-05-18,palm jumeirah,apartment,studio,112.7,3824597.0,0.0,2,sale,dld
dxb-100547,2025-07-11,bur dubai,apartment,2 br,83.6,1173321.0,2.0,0,sale,broker
dxb-101189,2024-05-07,bur dubai,villa,3 br,63.4,1040247.0,3.0,0,sale,dld
dxb-101136,2025-09-12,mirdif,apartment,1 br,32.5,441832.0,1.0,3,mortgage,dld
dxb-100674,2024-10-15,international city,villa,3 br,246.5,2539863.0,3.0,1,sale,developer
dxb-101440,2024-11-11,jlt,apartment,1 br,291.3,5536512.0,1.0,1,sale,dld
dxb-100329,2025-05-07,Unknown,apartment,1 br,131.9,1735994.0,1.0,0,sale,dld
dxb-100523,2024-03-27,jumeirah village circle,villa,4 br,125.2,2061951.0,4.0,1,mortgage,dld
dxb-101313,2026-02-17,downtown dubai,apartment,3 br,123.8,1883514.0,3.0,2,sale,dld
dxb-101041,2023-11-24,international city,villa,3 br,76.1,924704.0,3.0,1,sale,dld
dxb-100260,2024-06-02,palm jumeirah,apartment,3 br,57.4,1514254.0,3.0,1,sale,dld
dxb-101270,2025-04-08,jumeirah,hotel apartment,studio,352.9,9653289.0,0.0,0,mortgage,dld
dxb-100386,2023-08-14,jumeirah,villa,5 br,168.3,3196969.0,5.0,0,sale,dld
dxb-100287,2024-08-07,business bay,apartment,studio,241.0,1564439.0,0.0,2,sale,dld
dxb-100681,2024-08-25,dubai marina,apartment,3 br,39.7,1941676.0,3.0,2,sale,dld
dxb-100160,2025-01-04,downtown dubai,apartment,3 br,71.4,1846289.0,3.0,1,mortgage,dld
dxb-100131,2023-07-29,palm jumeirah,hotel apartment,studio,93.7,3689585.0,0.0,1,sale,dld
dxb-101046,2023-04-19,palm jumeirah,apartment,studio,168.4,4111686.0,0.0,1,sale,dld
dxb-100351,2023-10-02,mirdif,apartment,2 br,73.2,964792.0,2.0,3,sale,dld
dxb-100824,2024-09-06,dubai silicon oasis,townhouse,4 br,54.6,512407.0,4.0,3,sale,dld
dxb-100831,2025-06-09,business bay,villa,6 br,112.45,85000000.0,6.0,1,sale,broker
dxb-100282,2024-04-09,mirdif,apartment,1 br,142.1,2595033.0,1.0,3,mortgage,dld
dxb-100062,2023-01-04,dubai hills estate,villa,3 br,72.1,1323217.0,3.0,0,sale,dld
dxb-100356,2024-01-31,dubai marina,townhouse,4 br,62.4,1687690.0,4.0,0,sale,dld
dxb-101260,2024-08-08,business bay,apartment,studio,63.3,1781124.0,0.0,2,sale,dld
dxb-101255,2023-06-13,jumeirah lake towers,penthouse,3 br,73.7,2162874.0,3.0,2,sale,broker
dxb-100044,2023-01-31,jumeirah village circle,townhouse,3 br,102.6,1317177.0,3.0,2,sale,dld
dxb-100680,2023-05-09,arabian ranches,apartment,3 br,85.2,2206247.0,3.0,1,mortgage,broker
dxb-100336,2023-07-11,al barsha,apartment,studio,70.1,1590116.0,0.0,3,sale,dld
dxb-100182,2025-09-11,jumeirah,apartment,2 br,166.0,5918075.0,2.0,0,sale,dld
dxb-100616,2025-03-29,dubai marina,townhouse,2 br,150.3,4455863.0,2.0,0,sale,broker
dxb-100443,2025-05-12,business bay,apartment,3 br,155.1,3962621.0,3.0,1,sale,dld
dxb-100028,2025-07-04,business bay,apartment,1 br,108.3,2211896.0,1.0,2,mortgage,broker
dxb-101450,2024-03-01,deira,townhouse,3 br,75.1,908798.0,3.0,2,mortgage,developer
dxb-100300,2026-02-17,international city,townhouse,3 br,177.4,811067.0,3.0,2,sale,developer
dxb-101333,2023-03-23,bur dubai,hotel apartment,studio,70.8,821944.0,0.0,3,sale,dld
dxb-100119,2023-11-27,bur dubai,villa,6 br,66.9,779608.0,6.0,3,sale,dld
dxb-100644,2023-01-29,mirdif,villa,5 br,121.8,1847056.0,5.0,1,sale,broker
dxb-100880,2025-05-02,deira,apartment,studio,96.1,1074539.0,0.0,3,mortgage,broker
dxb-100640,2024-09-08,arabian ranches,townhouse,3 br,105.7,2231062.0,3.0,0,mortgage,dld
dxb-101382,2024-04-26,dubai hills estate,apartment,3 br,106.8,2327210.0,3.0,1,sale,dld
dxb-100529,2026-03-14,downtown dubai,apartment,studio,53.3,1581705.0,0.0,1,sale,developer
dxb-101234,2026-03-27,business bay,apartment,2 br,62.6,1969191.0,2.0,2,mortgage,dld
dxb-101402,2023-03-15,dubai hills estate,hotel apartment,studio,68.7,911098.0,0.0,2,sale,dld
dxb-100828,2024-05-01,arabian ranches,penthouse,2 br,166.9,5965944.0,2.0,3,mortgage,dld
dxb-100107,2023-06-06,dubai hills estate,apartment,1 br,219.8,6753651.0,1.0,0,mortgage,developer
dxb-100724,2026-03-12,dubai marina,apartment,2 br,315.3,7972042.0,2.0,1,sale,dld
dxb-100006,2023-05-24,dubai silicon oasis,townhouse,2 br,72.8,752291.0,2.0,0,sale,dld
dxb-101304,2023-07-12,arabian ranches,townhouse,2 br,124.5,3290464.0,2.0,1,mortgage,broker
dxb-100261,2024-06-13,al barsha,townhouse,4 br,103.2,1702318.0,4.0,1,sale,dld
dxb-100569,2024-04-11,business bay,apartment,3 br,156.0,2666786.0,3.0,3,sale,dld
dxb-100146,2025-12-29,international city,apartment,2 br,195.7,2306000.0,2.0,2,sale,dld
dxb-100948,2024-01-30,mirdif,penthouse,3 br,238.3,3473910.0,3.0,0,sale,dld
dxb-101453,2024-10-22,arabian ranches,hotel apartment,1 br,94.1,2397200.0,1.0,1,sale,dld
dxb-101052,2026-08-29,jumeirah,apartment,2 br,78.1,2359713.0,2.0,2,sale,dld
dxb-100579,2024-04-25,downtown dubai,apartment,2 br,77.9,1406448.0,2.0,3,mortgage,broker
dxb-101341,2025-03-28,palm jumeirah,townhouse,4 br,136.5,7590738.0,4.0,1,sale,dld
dxb-100233,2023-09-18,dubai marina,villa,4 br,67.9,2329811.0,4.0,2,sale,dld
dxb-100129,2023-09-11,jumeirah,villa,4 br,428.2,13397253.0,4.0,2,sale,broker
dxb-101305,2025-10-03,jumeirah,hotel apartment,studio,105.3,1589303.0,0.0,1,mortgage,dld
dxb-100623,2023-06-21,palm jumeirah,apartment,2 br,97.9,2955662.0,2.0,0,sale,dld
dxb-100907,2023-04-22,mirdif,apartment,3 br,51.4,697465.0,3.0,2,sale,dld
dxb-100152,2023-09-25,jumeirah village circle,apartment,1 br,165.1,2588987.0,1.0,2,sale,broker
dxb-100766,2023-05-03,arabian ranches,apartment,2 br,56.0,1143184.0,2.0,1,sale,dld
dxb-100385,2023-02-19,business bay,hotel apartment,studio,205.3,5255906.0,0.0,0,sale,dld
dxb-100063,2023-06-23,downtown dubai,townhouse,2 br,56.5,1457156.0,2.0,1,sale,dld
dxb-100951,2023-11-18,business bay,apartment,2 br,72.6,2076721.0,2.0,2,sale,dld
dxb-100208,2023-01-31,palm jumeirah,apartment,3 br,582.6,15980896.0,3.0,2,sale,dld
dxb-101496,2025-10-25,jumeirah lake towers,penthouse,4 br,48.3,1285376.0,4.0,0,sale,dld
dxb-100463,2026-02-10,dubai marina,apartment,studio,66.9,1736548.0,0.0,0,mortgage,dld
dxb-100791,2025-03-24,jumeirah village circle,apartment,3 br,114.1,1829136.0,3.0,0,mortgage,broker
dxb-100648,2026-03-20,mirdif,villa,4 br,340.4,4263396.0,4.0,0,sale,dld
dxb-100158,2023-10-09,arabian ranches,villa,4 br,76.3,2627773.0,4.0,2,mortgage,dld
dxb-100453,2024-11-29,dubai hills estate,apartment,studio,108.5,2785554.0,0.0,1,sale,dld
dxb-101365,2024-07-07,deira,apartment,2 br,276.6,2608709.0,2.0,2,sale,dld
dxb-101070,2024-07-05,downtown dubai,penthouse,4 br,376.7,11554791.0,4.0,2,sale,dld
dxb-100961,2026-02-17,deira,apartment,studio,155.3,1947522.0,0.0,0,mortgage,dld
dxb-100144,2025-09-09,jumeirah,apartment,studio,42.6,419119.0,0.0,3,sale,developer
dxb-101007,2026-07-09,international city,apartment,studio,117.1,1157618.0,0.0,1,sale,developer
dxb-100568,2025-01-27,jumeirah,apartment,studio,227.5,5303762.0,0.0,3,sale,developer
dxb-100076,2025-01-17,downtown dubai,apartment,studio,165.1,5303596.0,0.0,1,sale,dld
dxb-101161,2025-03-14,dubai hills estate,villa,3 br,148.9,4640719.0,3.0,3,sale,dld
dxb-100530,2026-08-26,dubai hills estate,villa,4 br,51.4,1261096.0,4.0,2,sale,dld
dxb-100308,2024-09-09,dubai marina,apartment,1 br,68.8,1504673.0,1.0,2,sale,dld
dxb-101267,2023-07-30,bur dubai,hotel apartment,studio,70.5,867044.0,0.0,2,sale,developer
dxb-100752,2026-05-21,Unknown,apartment,2 br,127.4,1745617.0,2.0,3,mortgage,dld
dxb-101362,2024-01-27,al barsha,villa,5 br,140.9,2882234.0,5.0,2,sale,developer
dxb-100431,2026-05-28,jumeirah,townhouse,4 br,143.6,2972876.0,4.0,0,mortgage,dld
dxb-101330,2023-06-30,jumeirah village circle,townhouse,2 br,177.2,3870991.0,2.0,1,sale,broker
dxb-101366,2026-04-16,jumeirah village circle,apartment,2 br,99.1,1534107.0,2.0,0,sale,developer
dxb-100214,2025-04-06,dubai silicon oasis,villa,3 br,103.3,1245101.0,3.0,1,sale,dld
dxb-100707,2023-07-02,jumeirah,townhouse,4 br,46.7,1179434.0,4.0,1,sale,dld
dxb-100714,2025-03-05,arabian ranches,townhouse,4 br,88.6,1627345.0,4.0,1,mortgage,dld
dxb-100802,2023-12-15,deira,penthouse,2 br,86.0,1277315.0,2.0,0,sale,dld
dxb-101291,2024-05-22,bur dubai,villa,3 br,75.3,1100027.0,3.0,3,sale,dld
dxb-100817,2026-07-28,deira,apartment,studio,94.1,1074255.0,0.0,2,sale,developer
dxb-100266,2023-07-15,jumeirah,apartment,2 br,87.4,2206879.0,2.0,0,sale,broker
dxb-101253,2026-08-04,dubai hills estate,villa,4 br,137.0,5295368.0,4.0,1,mortgage,developer
dxb-100596,2026-02-03,dubai hills estate,villa,5 br,103.4,1526887.0,5.0,0,sale,developer
dxb-100982,2025-10-18,arabian ranches,townhouse,2 br,96.1,1284164.0,2.0,0,sale,broker
dxb-100002,2025-05-25,bur dubai,penthouse,4 br,25.0,500664.0,4.0,2,sale,dld
dxb-100947,2024-01-10,dubai hills estate,penthouse,3 br,84.0,3599640.0,3.0,2,sale,developer
dxb-100467,2025-08-07,business bay,hotel apartment,1 br,136.9,1467343.0,1.0,1,sale,dld
dxb-101269,2023-07-27,al barsha,apartment,2 br,148.0,2756541.0,2.0,1,sale,broker
dxb-101241,2024-04-04,jumeirah lake towers,apartment,2 br,61.0,1058321.0,2.0,2,mortgage,dld
dxb-100594,2024-03-07,business bay,apartment,1 br,53.1,1052423.0,1.0,2,mortgage,dld
dxb-100116,2024-01-04,international city,townhouse,2 br,240.6,1988903.0,2.0,2,sale,dld
dxb-100956,2025-12-11,al barsha,townhouse,2 br,73.8,1171383.0,2.0,1,sale,broker
dxb-100849,2026-05-09,business bay,hotel apartment,1 br,65.4,1098460.0,1.0,2,sale,developer
dxb-101419,2024-11-07,downtown dubai,hotel apartment,2 br,115.5,4044538.0,2.0,3,mortgage,developer
dxb-100619,2026-03-20,downtown dubai,apartment,studio,194.1,6898062.0,0.0,2,sale,dld
dxb-100610,2023-07-04,dubai silicon oasis,villa,5 br,137.3,1121261.0,5.0,1,sale,developer
dxb-101480,2025-10-29,al barsha,apartment,2 br,72.7,1132529.0,2.0,3,sale,dld
dxb-101499,2025-01-17,dubai hills estate,villa,3 br,147.1,3859830.0,3.0,3,sale,broker
dxb-100565,2024-11-11,business bay,villa,5 br,96.8,2332979.0,5.0,1,sale,dld
dxb-101477,2024-11-02,dubai hills estate,hotel apartment,studio,241.2,8900842.0,0.0,1,mortgage,dld
dxb-100832,2024-03-20,deira,apartment,1 br,209.2,2383404.0,1.0,1,mortgage,dld
dxb-100316,2024-08-10,international city,apartment,3 br,121.8,678720.0,3.0,3,sale,dld
dxb-100153,2024-04-24,jumeirah,villa,3 br,58.0,1893418.0,3.0,2,sale,dld
dxb-100628,2024-07-14,deira,villa,5 br,117.0,1889789.0,5.0,2,sale,dld
dxb-100968,2023-06-22,dubai silicon oasis,villa,5 br,158.3,2790757.0,5.0,0,sale,dld
dxb-100304,2023-11-01,downtown dubai,penthouse,4 br,165.3,7626609.0,4.0,3,sale,dld
dxb-100128,2025-07-14,al barsha,apartment,3 br,122.7,1622953.0,3.0,1,sale,dld
dxb-100787,2026-03-05,dubai marina,apartment,3 br,112.8,3125322.0,3.0,0,sale,developer
dxb-100615,2025-10-05,palm jumeirah,townhouse,2 br,72.4,2461201.0,2.0,1,mortgage,dld
dxb-100295,2023-07-15,jumeirah,hotel apartment,studio,154.2,4537534.0,0.0,3,sale,dld
dxb-100587,2025-07-29,arabian ranches,apartment,studio,73.7,1282789.0,0.0,2,sale,broker
dxb-100040,2024-07-28,dubai hills estate,apartment,2 br,79.7,2366091.0,2.0,2,sale,dld
dxb-100319,2023-04-11,dubai marina,hotel apartment,2 br,50.8,1390371.0,2.0,2,sale,broker
dxb-101459,2025-10-31,international city,apartment,3 br,60.9,904107.0,3.0,3,sale,dld
dxb-100360,2026-08-14,mirdif,hotel apartment,studio,149.1,2036725.0,0.0,3,sale,dld
dxb-100177,2026-04-08,jlt,hotel apartment,1 br,125.1,2615843.0,1.0,2,mortgage,broker
dxb-100123,2023-09-13,international city,apartment,studio,86.2,930123.0,0.0,1,sale,dld
dxb-100124,2026-03-08,palm jumeirah,apartment,1 br,84.7,3061509.0,1.0,3,sale,dld
dxb-101390,2023-04-29,jumeirah village circle,hotel apartment,2 br,117.2,1686374.0,2.0,2,sale,dld
dxb-100887,2024-02-12,jvc,apartment,3 br,186.3,3069918.0,3.0,1,mortgage,developer
dxb-100971,2024-04-17,bur dubai,apartment,1 br,45.1,584631.0,1.0,1,sale,dld
dxb-100670,2024-06-13,jumeirah village circle,apartment,2 br,245.2,3325966.0,2.0,1,sale,broker
dxb-101020,2025-01-26,downtown dubai,penthouse,3 br,87.9,2458563.0,3.0,0,sale,dld
dxb-100988,2024-01-30,palm jumeirah,apartment,3 br,92.4,2096000.0,3.0,0,sale,dld
dxb-101031,2025-07-16,al barsha,villa,6 br,96.4,1358067.0,6.0,1,mortgage,developer
dxb-100654,2023-04-21,arabian ranches,penthouse,4 br,122.9,2926189.0,4.0,3,sale,dld
dxb-100668,2024-07-18,palm jumeirah,apartment,1 br,415.6,18872485.0,1.0,3,mortgage,broker
dxb-101077,2026-08-12,international city,apartment,3 br,134.1,1461134.0,3.0,0,sale,dld
dxb-101336,2026-07-09,jumeirah,apartment,3 br,99.4,2598490.0,3.0,0,sale,dld
dxb-100888,2023-03-29,jumeirah village circle,apartment,1 br,216.5,1879585.0,1.0,1,sale,dld
dxb-101290,2023-01-29,downtown dubai,apartment,2 br,57.1,2859543.0,2.0,3,sale,broker
dxb-101274,2023-04-17,dubai marina,apartment,1 br,179.2,4466165.0,1.0,2,sale,dld
dxb-100396,2023-04-03,palm jumeirah,townhouse,4 br,95.2,1708536.0,4.0,2,sale,dld
dxb-100763,2025-08-27,international city,apartment,1 br,74.8,753719.0,1.0,0,mortgage,developer
dxb-100195,2024-07-27,jumeirah village circle,apartment,3 br,73.7,854119.0,3.0,2,sale,broker
dxb-101176,2026-06-05,jumeirah lake towers,apartment,2 br,111.8,2361055.0,2.0,2,mortgage,developer
dxb-100870,2023-01-14,dubai marina,townhouse,4 br,129.8,3980005.0,4.0,1,sale,broker
dxb-100363,2023-05-29,deira,apartment,2 br,140.2,1783957.0,2.0,0,sale,dld
dxb-100671,2025-10-12,downtown dubai,villa,4 br,114.3,3700834.0,4.0,1,sale,developer
dxb-100257,2023-07-17,jumeirah village circle,apartment,studio,50.3,901684.0,0.0,2,sale,dld
dxb-100578,2026-04-22,bur dubai,penthouse,4 br,51.1,576086.0,4.0,2,sale,developer
dxb-100525,2023-07-22,business bay,apartment,studio,97.0,2313548.0,0.0,0,sale,dld
dxb-100541,2026-07-02,dubai silicon oasis,villa,3 br,53.5,708385.0,3.0,1,sale,dld
dxb-100447,2026-07-16,dubai silicon oasis,villa,5 br,124.5,1604439.0,5.0,1,sale,dld
dxb-100262,2023-04-16,jumeirah,apartment,studio,196.8,5406944.0,0.0,3,mortgage,dld
dxb-100597,2024-01-16,dubai silicon oasis,villa,4 br,259.5,4990993.0,4.0,1,sale,dld
dxb-101104,2024-05-11,downtown dubai,apartment,2 br,108.9,1359686.0,2.0,1,sale,developer
dxb-101054,2024-05-22,dubai marina,apartment,2 br,140.0,2595695.0,2.0,2,sale,developer
dxb-101005,2026-07-21,mirdif,apartment,3 br,114.1,1598217.0,3.0,1,sale,dld
dxb-101316,2024-09-11,mirdif,villa,4 br,246.2,3550275.0,4.0,1,mortgage,dld
dxb-100080,2024-09-24,palm jumeirah,villa,3 br,117.4,3555572.0,3.0,1,mortgage,dld
dxb-101198,2023-02-28,mirdif,apartment,2 br,72.1,1289351.0,2.0,1,sale,dld
dxb-101393,2024-09-14,downtown dubai,apartment,1 br,195.3,6763876.0,1.0,1,sale,dld
dxb-100916,2024-11-02,downtown dubai,apartment,1 br,70.4,1949512.0,1.0,0,sale,dld
dxb-100837,2026-02-09,dubai silicon oasis,hotel apartment,1 br,86.3,1471402.0,1.0,1,sale,dld
dxb-100917,2024-08-23,deira,apartment,studio,152.2,1529298.0,0.0,3,mortgage,dld
dxb-100065,2024-05-07,dubai silicon oasis,villa,4 br,172.6,2727047.0,4.0,0,mortgage,developer
dxb-101066,2024-02-12,deira,apartment,studio,55.2,521751.0,0.0,1,sale,dld
dxb-100666,2023-06-24,dubai silicon oasis,townhouse,4 br,237.0,2401014.0,4.0,0,mortgage,dld
dxb-101228,2025-02-27,dubai hills estate,hotel apartment,1 br,53.0,1475863.0,1.0,1,mortgage,developer
dxb-100058,2026-03-28,dubai hills estate,apartment,3 br,269.1,5062133.0,3.0,0,sale,dld
dxb-100401,2023-10-09,bur dubai,hotel apartment,1 br,113.4,894007.0,1.0,2,mortgage,broker
dxb-100088,2023-11-04,business bay,apartment,2 br,251.1,5611460.0,2.0,2,sale,dld
dxb-100053,2026-02-05,dubai hills estate,villa,5 br,123.4,4908614.0,5.0,2,mortgage,dld
dxb-100025,2024-04-11,international city,apartment,1 br,121.7,1031407.0,1.0,3,mortgage,dld
dxb-101468,2025-10-15,bur dubai,villa,3 br,85.1,1099675.0,3.0,3,sale,dld
dxb-100254,2024-10-21,business bay,apartment,studio,73.9,955920.0,0.0,3,mortgage,dld
dxb-101288,2026-01-29,jumeirah,apartment,2 br,148.2,4479021.0,2.0,1,sale,dld
dxb-101168,2024-07-15,al barsha,townhouse,4 br,120.8,2744290.0,4.0,3,sale,dld
dxb-101460,2025-10-18,downtown dubai,townhouse,2 br,66.2,2514772.0,2.0,0,mortgage,broker
dxb-100017,2023-05-09,business bay,apartment,studio,107.35,966547.0,0.0,1,mortgage,dld
dxb-100686,2025-04-02,downtown dubai,apartment,3 br,95.0,3083848.0,3.0,1,mortgage,broker
dxb-100703,2024-06-12,bur dubai,penthouse,4 br,95.1,1733871.0,4.0,3,sale,broker
dxb-100996,2024-04-24,dubai marina,villa,6 br,72.6,2952783.0,6.0,3,mortgage,dld
dxb-100978,2026-05-31,dubai silicon oasis,apartment,studio,416.7,7138251.0,0.0,2,mortgage,broker
dxb-101249,2023-11-10,dubai hills estate,hotel apartment,studio,50.4,1197129.0,0.0,0,mortgage,dld
dxb-101049,2023-01-24,palm jumeirah,apartment,3 br,90.3,2937792.0,3.0,0,sale,dld
dxb-101071,2023-12-10,jumeirah,villa,5 br,241.4,7125484.0,5.0,3,sale,dld
dxb-100412,2025-10-10,business bay,apartment,studio,96.8,2438664.0,0.0,1,sale,developer
dxb-100973,2023-06-08,business bay,hotel apartment,studio,45.7,616768.0,0.0,1,sale,broker
dxb-100096,2026-08-15,jvc,apartment,3 br,127.8,2436441.0,3.0,0,mortgage,dld
dxb-100957,2023-08-03,jumeirah,apartment,1 br,56.3,1987828.0,1.0,2,mortgage,dld
dxb-100070,2024-11-22,palm jumeirah,apartment,2 br,46.9,1822311.0,2.0,3,sale,dld
dxb-100481,2024-12-12,business bay,apartment,3 br,59.8,1608233.0,3.0,2,sale,dld
dxb-100881,2025-09-06,business bay,villa,6 br,206.8,4890346.0,6.0,1,mortgage,dld
dxb-101169,2024-03-21,arabian ranches,apartment,2 br,71.7,1793743.0,2.0,3,sale,broker
dxb-101408,2024-01-08,business bay,penthouse,4 br,203.8,5297110.0,4.0,2,sale,dld
dxb-100137,2025-03-30,al barsha,apartment,1 br,176.4,2784391.0,1.0,0,sale,dld
dxb-100249,2024-11-08,dubai hills estate,apartment,1 br,74.3,1524181.0,1.0,2,sale,dld
dxb-100970,2024-09-24,al barsha,apartment,2 br,96.8,1570103.0,2.0,2,mortgage,dld
dxb-101418,2023-04-25,arabian ranches,penthouse,4 br,58.5,2163461.0,4.0,2,sale,developer
dxb-100099,2024-03-01,jumeirah lake towers,hotel apartment,2 br,55.9,1652849.0,2.0,2,sale,developer
dxb-100776,2023-02-26,al barsha,villa,3 br,94.3,1170071.0,3.0,2,mortgage,dld
dxb-100294,2023-03-04,jumeirah village circle,townhouse,3 br,106.2,1151634.0,3.0,3,sale,developer
dxb-100625,2026-07-31,jumeirah,apartment,2 br,151.4,3884783.0,2.0,2,mortgage,dld
dxb-100223,2023-12-18,jumeirah,hotel apartment,studio,477.9,10185440.0,0.0,2,sale,dld
dxb-100154,2026-06-05,downtown dubai,apartment,studio,66.8,2563361.0,0.0,3,sale,dld
dxb-100502,2025-09-27,jumeirah lake towers,hotel apartment,1 br,146.8,2495867.0,1.0,1,mortgage,dld
dxb-100456,2024-03-29,jumeirah,hotel apartment,studio,83.0,2924938.0,0.0,0,sale,developer
dxb-101085,2023-11-24,Unknown,townhouse,4 br,92.2,1153001.0,4.0,3,sale,dld
dxb-100548,2026-05-05,jlt,townhouse,2 br,179.3,3732399.0,2.0,3,mortgage,broker
dxb-101078,2025-08-26,business bay,villa,4 br,126.6,3023026.0,4.0,0,sale,dld
dxb-100939,2026-02-06,al barsha,apartment,2 br,84.0,1338472.0,2.0,3,sale,dld
dxb-100657,2023-09-18,bur dubai,apartment,studio,107.0,1409435.0,0.0,3,sale,dld
dxb-101243,2023-06-14,dubai marina,apartment,1 br,137.8,1824798.0,1.0,1,mortgage,dld
dxb-101137,2025-04-21,business bay,apartment,1 br,97.4,2451966.0,1.0,3,sale,dld
dxb-100522,2025-01-21,deira,apartment,2 br,69.0,1224074.0,2.0,0,sale,broker
dxb-100167,2026-06-01,jlt,townhouse,2 br,62.9,1479990.0,2.0,1,mortgage,dld
dxb-100673,2024-08-04,dubai marina,villa,4 br,44.4,1404477.0,4.0,2,sale,dld
dxb-100780,2024-04-24,dubai marina,apartment,2 br,114.9,2302794.0,2.0,3,sale,broker
dxb-101310,2024-12-31,al barsha,apartment,2 br,72.7,1370207.0,2.0,1,sale,dld
dxb-100023,2023-11-20,jumeirah village circle,penthouse,4 br,147.3,2357894.0,4.0,2,sale,developer
dxb-100600,2024-04-29,Unknown,apartment,2 br,133.4,4265192.0,2.0,3,sale,dld
dxb-100199,2026-08-19,business bay,apartment,studio,113.1,1816487.0,0.0,0,sale,dld
dxb-100789,2024-06-21,jumeirah lake towers,villa,4 br,183.9,5349909.0,4.0,0,mortgage,dld
dxb-100245,2024-09-07,deira,penthouse,2 br,155.2,1875577.0,2.0,2,sale,dld
dxb-101153,2025-06-15,mirdif,apartment,1 br,70.1,780327.0,1.0,1,sale,dld
dxb-101164,2024-12-26,arabian ranches,apartment,2 br,172.4,3057069.0,2.0,3,sale,dld
dxb-101129,2023-02-01,palm jumeirah,hotel apartment,studio,107.35,2987984.0,0.0,1,sale,dld
dxb-100143,2024-03-12,dubai silicon oasis,villa,3 br,109.4,2203418.5,3.0,0,sale,dld
dxb-100419,2025-01-20,jumeirah lake towers,hotel apartment,1 br,173.1,5332772.0,1.0,2,sale,dld
dxb-100377,2024-08-29,Unknown,apartment,1 br,83.2,1096382.0,1.0,0,sale,broker
dxb-100697,2023-04-18,palm jumeirah,villa,6 br,164.0,4679837.0,6.0,1,mortgage,dld
dxb-100585,2025-01-11,business bay,villa,4 br,110.7,1850860.0,4.0,0,sale,broker
dxb-101181,2025-12-15,dubai hills estate,apartment,3 br,70.5,2043352.0,3.0,0,sale,dld
dxb-100950,2024-04-21,dubai hills estate,apartment,1 br,217.0,5773199.0,1.0,3,mortgage,developer
dxb-100822,2023-01-19,dubai silicon oasis,apartment,2 br,83.7,744232.0,2.0,2,mortgage,broker
dxb-100225,2025-04-14,jumeirah,hotel apartment,1 br,49.3,1133438.0,1.0,0,mortgage,dld
dxb-100857,2025-11-01,dubai marina,penthouse,4 br,84.6,2878290.0,4.0,2,sale,dld
dxb-100520,2023-12-22,deira,penthouse,4 br,163.5,1406189.0,4.0,0,sale,dld
dxb-100271,2025-10-01,palm jumeirah,apartment,3 br,139.2,5327897.0,3.0,0,sale,broker
dxb-101127,2024-05-31,downtown dubai,villa,3 br,125.8,5675820.0,3.0,0,sale,dld
dxb-100736,2026-02-15,dubai hills estate,apartment,2 br,118.5,4486185.0,2.0,1,sale,dld
dxb-100726,2023-11-24,downtown dubai,apartment,1 br,110.2,1447172.0,1.0,2,sale,broker
dxb-100436,2025-05-11,jumeirah lake towers,apartment,3 br,117.8,2279685.0,3.0,0,sale,dld
dxb-100643,2023-07-28,al barsha,apartment,2 br,132.5,2369424.0,2.0,3,mortgage,dld
dxb-100480,2023-03-30,jumeirah,apartment,3 br,90.3,1656433.0,3.0,3,sale,dld
dxb-100248,2023-03-11,jumeirah village circle,apartment,3 br,48.2,693799.0,3.0,3,mortgage,dld
dxb-100821,2023-12-07,dubai marina,villa,6 br,97.0,3002559.0,6.0,1,mortgage,broker
dxb-101256,2024-04-02,jumeirah lake towers,townhouse,2 br,353.2,5439025.0,2.0,2,sale,dld
dxb-100664,2024-09-02,al barsha,apartment,1 br,80.3,2052702.0,1.0,1,sale,dld
dxb-100305,2024-08-28,business bay,apartment,3 br,181.3,1941676.0,3.0,3,sale,dld
dxb-101133,2023-10-03,Unknown,villa,4 br,69.9,1738850.0,4.0,0,sale,dld
dxb-100847,2025-02-24,dubai hills estate,villa,4 br,135.1,2335201.0,4.0,2,mortgage,dld
dxb-100376,2025-08-22,al barsha,hotel apartment,1 br,86.1,1481624.0,1.0,2,mortgage,broker
dxb-100301,2024-10-12,business bay,apartment,2 br,84.2,1573729.0,2.0,3,mortgage,dld
dxb-101170,2025-08-16,dubai hills estate,apartment,1 br,304.2,8091473.0,1.0,1,sale,dld
dxb-100213,2025-12-22,mirdif,townhouse,3 br,174.1,2334337.0,3.0,2,sale,dld
dxb-101165,2025-11-21,arabian ranches,penthouse,3 br,139.8,4370935.0,3.0,2,sale,dld
dxb-101287,2024-08-24,Unknown,apartment,2 br,268.4,3259846.0,2.0,2,sale,broker
dxb-100362,2026-01-10,dubai marina,apartment,3 br,3500.0,85000000.0,3.0,0,sale,dld
dxb-101089,2025-12-18,mirdif,apartment,3 br,52.1,539149.0,3.0,1,sale,developer
dxb-101142,2024-02-06,jumeirah village circle,townhouse,4 br,69.9,1009189.0,4.0,2,sale,dld
dxb-100101,2023-11-25,downtown dubai,villa,6 br,112.45,6417414.0,6.0,0,mortgage,dld
dxb-100020,2024-11-28,dubai hills estate,townhouse,4 br,27.6,775716.0,4.0,1,sale,dld
dxb-100022,2023-05-27,dubai hills estate,hotel apartment,1 br,62.8,2665508.0,1.0,0,sale,dld
dxb-101008,2024-04-16,jumeirah village circle,villa,5 br,93.0,1002344.0,5.0,2,mortgage,broker
dxb-100685,2026-03-21,jvc,apartment,2 br,133.2,1539210.0,2.0,2,sale,dld
dxb-100542,2024-07-16,downtown dubai,townhouse,3 br,153.8,3806984.0,3.0,1,sale,dld
dxb-100236,2025-10-27,dubai hills estate,apartment,studio,57.2,1116485.0,0.0,3,sale,dld
dxb-100827,2026-08-20,dubai silicon oasis,apartment,studio,86.1,1261810.0,0.0,3,mortgage,dld
dxb-100799,2023-03-02,dubai marina,villa,6 br,525.8,11763030.0,6.0,0,sale,dld
dxb-100171,2025-01-22,mirdif,apartment,2 br,105.8,1331516.0,2.0,2,sale,dld
dxb-100472,2023-02-25,jumeirah,apartment,3 br,55.4,1829073.0,3.0,0,sale,dld
dxb-101258,2026-04-07,international city,apartment,2 br,172.8,1560297.0,2.0,1,sale,dld
dxb-100498,2024-05-16,downtown dubai,apartment,2 br,237.9,5125223.0,2.0,1,mortgage,dld
dxb-100738,2023-01-25,arabian ranches,apartment,3 br,146.9,3100026.0,3.0,1,sale,developer
dxb-100562,2024-07-17,palm jumeirah,townhouse,3 br,107.4,4637957.0,3.0,3,mortgage,dld
dxb-100769,2023-10-29,dubai hills estate,villa,5 br,73.1,1564905.0,5.0,2,sale,dld
dxb-100861,2026-06-16,international city,townhouse,4 br,93.1,520265.0,4.0,1,mortgage,dld
dxb-100906,2023-11-08,arabian ranches,apartment,2 br,100.2,2776511.0,2.0,1,mortgage,developer
dxb-101232,2023-09-15,international city,apartment,3 br,130.0,1256273.0,3.0,3,mortgage,broker
dxb-100994,2023-12-25,al barsha,hotel apartment,2 br,50.3,901811.0,2.0,3,sale,dld
dxb-100317,2024-04-16,dubai hills estate,villa,4 br,206.9,7034159.0,4.0,1,sale,dld
dxb-100637,2025-03-15,al barsha,villa,5 br,163.9,2688443.0,5.0,3,sale,broker
dxb-100367,2023-11-25,jumeirah lake towers,villa,4 br,148.8,3254594.0,4.0,2,sale,dld
dxb-100603,2026-03-18,international city,villa,4 br,184.1,2469612.0,4.0,1,sale,dld
dxb-100853,2025-02-14,dubai hills estate,hotel apartment,1 br,91.7,1838088.0,1.0,3,sale,dld
dxb-100299,2023-06-01,deira,villa,5 br,60.9,1278655.0,5.0,0,sale,dld
dxb-101215,2026-01-08,mirdif,apartment,1 br,103.1,804052.0,1.0,0,mortgage,broker
dxb-100048,2024-12-18,jumeirah village circle,villa,5 br,257.2,4109231.0,5.0,1,sale,developer
dxb-101414,2024-01-28,al barsha,apartment,2 br,31.8,701404.0,2.0,2,mortgage,dld
dxb-100259,2025-06-25,palm jumeirah,villa,5 br,114.65,4581034.0,5.0,1,sale,broker
dxb-100147,2025-09-08,deira,apartment,studio,85.1,907778.0,0.0,3,sale,broker
dxb-100134,2024-09-13,arabian ranches,villa,3 br,139.7,3625343.0,3.0,3,sale,developer
dxb-100756,2023-12-21,international city,apartment,studio,231.0,1689557.0,0.0,3,sale,broker
dxb-101351,2023-12-29,dubai silicon oasis,townhouse,3 br,118.5,1176732.0,3.0,2,mortgage,broker
dxb-100991,2024-12-13,jumeirah,townhouse,4 br,110.7,3453097.0,4.0,0,sale,developer
dxb-100378,2024-05-10,deira,apartment,2 br,157.0,1659325.0,2.0,3,mortgage,dld
dxb-100875,2025-10-04,international city,penthouse,4 br,104.1,1861204.0,4.0,0,sale,developer
dxb-100980,2025-08-19,palm jumeirah,hotel apartment,2 br,53.2,2293100.0,2.0,3,sale,dld
dxb-100193,2024-06-09,jumeirah village circle,townhouse,4 br,107.4,1369630.0,4.0,1,sale,developer
dxb-100407,2023-03-21,international city,townhouse,4 br,90.8,988102.0,4.0,3,mortgage,dld
dxb-101303,2024-01-04,dubai marina,apartment,3 br,123.0,3080403.0,3.0,1,sale,dld
dxb-100607,2024-09-11,arabian ranches,apartment,3 br,121.2,2621540.0,3.0,1,sale,dld
dxb-100030,2023-03-10,arabian ranches,townhouse,2 br,73.3,1406021.0,2.0,2,mortgage,dld
dxb-100003,2024-04-24,mirdif,villa,6 br,41.6,554454.0,6.0,3,sale,dld
dxb-100136,2023-12-22,dubai silicon oasis,hotel apartment,2 br,69.1,1075002.0,2.0,0,sale,dld
dxb-100580,2025-04-17,bur dubai,apartment,1 br,198.7,3450179.0,1.0,2,mortgage,dld
dxb-100482,2024-04-13,jumeirah,villa,3 br,114.0,3388221.0,3.0,2,sale,dld
dxb-100392,2025-04-05,jumeirah,villa,3 br,128.5,3118400.0,3.0,3,sale,dld
dxb-100115,2023-12-19,al barsha,penthouse,3 br,179.3,4055258.0,3.0,3,sale,dld
dxb-101074,2023-08-10,jumeirah lake towers,penthouse,4 br,142.4,2520326.0,4.0,1,sale,dld
dxb-101346,2023-05-31,dubai marina,apartment,studio,64.9,1241505.0,0.0,1,sale,dld
dxb-100806,2024-07-19,downtown dubai,villa,4 br,84.7,2591495.0,4.0,3,sale,dld
dxb-101431,2024-03-13,downtown dubai,villa,5 br,33.0,897991.0,5.0,1,sale,dld
dxb-101343,2024-12-05,business bay,villa,3 br,167.6,4106178.0,3.0,2,mortgage,broker
dxb-100077,2024-07-05,deira,villa,3 br,402.6,5061659.0,3.0,2,sale,developer
dxb-100278,2024-01-05,mirdif,penthouse,2 br,106.3,1599031.0,2.0,3,sale,broker
dxb-100972,2023-05-27,downtown dubai,apartment,3 br,422.2,15182888.0,3.0,0,mortgage,developer
dxb-100718,2025-05-11,arabian ranches,villa,3 br,126.6,3079229.0,3.0,0,sale,dld
dxb-100764,2025-12-18,palm jumeirah,hotel apartment,2 br,100.4,2484042.0,2.0,3,sale,dld
dxb-101275,2025-04-24,jumeirah,apartment,3 br,203.8,5349838.0,3.0,3,sale,dld
dxb-100696,2023-12-14,jumeirah lake towers,townhouse,4 br,155.5,3148686.0,4.0,3,mortgage,broker
dxb-101442,2026-07-31,arabian ranches,apartment,studio,32.7,902423.0,0.0,1,sale,dld
dxb-100885,2023-10-09,palm jumeirah,apartment,3 br,259.4,4346132.0,3.0,3,sale,dld
dxb-101244,2024-10-26,dubai hills estate,apartment,studio,132.3,3522631.0,0.0,2,sale,broker
dxb-100645,2025-01-15,al barsha,penthouse,4 br,149.4,3959941.0,4.0,2,mortgage,developer
dxb-101433,2025-08-14,downtown dubai,apartment,1 br,140.7,3643411.0,1.0,2,sale,broker
dxb-100081,2024-06-01,Unknown,apartment,3 br,189.2,2264163.0,3.0,2,mortgage,dld
dxb-100836,2024-03-11,jvc,townhouse,4 br,166.1,1987612.0,4.0,0,sale,developer
dxb-100016,2026-06-15,al barsha,villa,4 br,209.2,3903958.0,4.0,1,mortgage,dld
dxb-100202,2025-03-02,jumeirah,apartment,2 br,59.2,1044511.0,2.0,2,sale,dld
dxb-100959,2024-05-25,business bay,apartment,3 br,30.4,374600.0,3.0,1,sale,developer
dxb-101376,2025-06-02,jumeirah lake towers,villa,6 br,29.7,482367.0,6.0,1,sale,broker
dxb-100140,2024-06-15,al barsha,apartment,3 br,168.0,3019393.0,3.0,3,sale,developer
dxb-100778,2024-06-30,mirdif,townhouse,3 br,158.8,2560847.0,3.0,3,sale,dld
dxb-100912,2024-02-15,jvc,hotel apartment,1 br,30.5,385215.0,1.0,2,mortgage,dld
dxb-100788,2025-12-05,mirdif,townhouse,2 br,161.3,1109953.0,2.0,1,sale,dld
dxb-100679,2023-07-30,jumeirah,apartment,1 br,79.9,2018803.0,1.0,1,sale,dld
dxb-101026,2024-03-16,business bay,hotel apartment,1 br,69.7,1908512.0,1.0,2,sale,developer
dxb-100624,2026-05-16,deira,hotel apartment,studio,137.7,1570414.0,0.0,1,sale,dld
dxb-100162,2024-11-15,jumeirah village circle,apartment,studio,58.9,1006551.0,0.0,3,sale,broker
dxb-100113,2025-08-28,bur dubai,villa,5 br,143.6,659958.0,5.0,1,sale,broker
dxb-101128,2025-05-22,dubai silicon oasis,villa,4 br,197.3,4770509.0,4.0,3,sale,broker
dxb-101407,2025-08-25,jumeirah village circle,apartment,3 br,35.8,429455.0,3.0,0,mortgage,dld
dxb-100207,2024-07-30,deira,villa,5 br,99.1,1839920.0,5.0,3,sale,dld
dxb-100962,2025-07-25,international city,apartment,2 br,45.6,521498.0,2.0,3,sale,dld
dxb-100519,2024-05-22,bur dubai,townhouse,3 br,319.7,4029239.0,3.0,3,mortgage,dld
dxb-101266,2024-07-29,dubai hills estate,apartment,1 br,131.0,1713414.0,1.0,1,sale,dld
dxb-101292,2024-06-08,al barsha,villa,4 br,138.4,2704270.0,4.0,1,sale,dld
dxb-100043,2024-12-20,al barsha,apartment,2 br,71.4,1231198.0,2.0,1,mortgage,developer
dxb-100018,2025-07-08,dubai silicon oasis,townhouse,4 br,166.5,2125888.0,4.0,3,sale,dld
dxb-101484,2023-06-15,al barsha,villa,3 br,130.5,2514942.0,3.0,0,mortgage,dld
dxb-101284,2024-12-04,downtown dubai,hotel apartment,1 br,143.0,3810573.0,1.0,3,sale,broker
dxb-100454,2025-03-19,deira,apartment,1 br,83.5,1365954.0,1.0,3,sale,dld
dxb-100430,2026-04-21,business bay,hotel apartment,studio,66.0,1663022.0,0.0,0,sale,dld
dxb-100476,2023-07-06,dubai silicon oasis,apartment,2 br,107.5,1360166.0,2.0,1,mortgage,dld
dxb-101095,2024-07-26,dubai silicon oasis,apartment,1 br,100.2,1224677.0,1.0,3,sale,dld
dxb-101012,2025-03-28,arabian ranches,apartment,3 br,106.9,1900491.0,3.0,1,sale,dld
dxb-101090,2024-03-30,jumeirah,apartment,studio,47.1,1438804.0,0.0,0,sale,developer
dxb-100005,2023-04-02,dubai hills estate,hotel apartment,1 br,88.2,1505920.0,1.0,2,mortgage,dld
dxb-100528,2024-12-06,jvc,townhouse,4 br,50.6,862793.0,4.0,1,sale,dld
dxb-100420,2025-11-10,al barsha,villa,6 br,70.6,735898.0,6.0,0,sale,dld
dxb-101214,2023-02-22,arabian ranches,apartment,3 br,329.3,5608563.0,3.0,2,mortgage,dld
dxb-100369,2026-03-30,downtown dubai,penthouse,4 br,184.3,6916784.0,4.0,0,sale,dld
dxb-100272,2024-04-07,international city,apartment,studio,91.1,1031615.0,0.0,3,sale,broker
dxb-100102,2026-07-22,dubai marina,apartment,1 br,143.7,3529365.0,1.0,3,mortgage,broker
dxb-100275,2025-03-12,bur dubai,apartment,studio,192.8,1883918.0,0.0,1,mortgage,dld
dxb-100269,2023-02-13,mirdif,apartment,studio,92.9,658402.0,0.0,1,sale,dld
dxb-100353,2024-07-28,arabian ranches,villa,3 br,52.1,867404.0,3.0,2,sale,broker
dxb-100325,2026-01-27,jumeirah,villa,4 br,67.9,1482212.0,4.0,0,sale,broker
dxb-100758,2026-08-12,downtown dubai,apartment,2 br,104.9,3300889.0,2.0,3,sale,broker
dxb-100466,2023-02-17,dubai silicon oasis,villa,3 br,83.8,1109797.0,3.0,1,mortgage,dld
dxb-100046,2024-05-27,arabian ranches,apartment,2 br,389.5,9232026.0,2.0,1,sale,developer
dxb-101233,2026-04-09,business bay,villa,4 br,58.8,1510871.0,4.0,2,mortgage,dld
dxb-100651,2023-10-06,downtown dubai,penthouse,3 br,130.3,5779212.0,3.0,2,sale,dld
dxb-100397,2023-02-17,mirdif,apartment,2 br,111.1,966264.0,2.0,0,sale,dld
dxb-100050,2025-09-26,deira,apartment,studio,126.8,1568638.0,0.0,3,mortgage,dld
dxb-100408,2024-06-06,international city,apartment,3 br,167.4,1241794.0,3.0,3,mortgage,broker
dxb-101021,2023-01-05,dubai marina,townhouse,3 br,111.5,2156481.0,3.0,2,sale,developer
dxb-100539,2025-05-04,deira,townhouse,2 br,200.8,3076791.0,2.0,1,mortgage,dld
dxb-100004,2026-04-05,arabian ranches,apartment,studio,240.3,6252024.0,0.0,2,sale,dld
dxb-100516,2026-02-05,jumeirah village circle,apartment,studio,107.7,1831239.0,0.0,3,sale,developer
dxb-100960,2024-08-07,mirdif,apartment,3 br,61.5,631942.0,3.0,0,sale,developer
dxb-101378,2025-12-14,jumeirah village circle,villa,5 br,112.3,2024657.0,5.0,3,sale,dld
dxb-101371,2025-03-02,jvc,hotel apartment,1 br,110.6,1546698.0,1.0,2,mortgage,dld
dxb-100532,2023-05-05,dubai marina,apartment,1 br,342.1,7939398.0,1.0,2,sale,developer
dxb-100676,2024-11-27,dubai hills estate,hotel apartment,studio,107.6,3253638.0,0.0,0,mortgage,dld
dxb-100617,2023-08-21,Unknown,apartment,1 br,73.1,2616653.0,1.0,1,mortgage,dld
dxb-100878,2023-01-19,jumeirah village circle,villa,4 br,93.0,1113557.0,4.0,0,sale,broker
dxb-100659,2025-08-27,al barsha,apartment,3 br,296.1,3189635.0,3.0,2,sale,dld
dxb-100474,2026-04-02,jlt,apartment,3 br,275.6,3956014.0,3.0,0,sale,developer
dxb-101114,2025-05-18,jumeirah lake towers,hotel apartment,1 br,80.5,2048750.0,1.0,0,sale,developer
dxb-100722,2026-03-09,jumeirah,apartment,3 br,114.1,2619879.0,3.0,2,sale,dld
dxb-100358,2025-02-16,jumeirah village circle,apartment,1 br,128.1,399952.0,1.0,2,sale,broker
dxb-100725,2026-02-17,mirdif,apartment,1 br,66.8,730648.0,1.0,0,sale,dld
dxb-100434,2026-06-23,business bay,apartment,1 br,94.1,1785906.0,1.0,1,mortgage,dld
dxb-101319,2026-08-01,dubai marina,penthouse,3 br,143.4,5572240.0,3.0,3,sale,dld
dxb-101458,2024-01-03,downtown dubai,hotel apartment,1 br,222.4,9559385.0,1.0,3,sale,dld
dxb-100720,2023-06-11,international city,apartment,1 br,163.3,1945895.0,1.0,3,sale,dld
dxb-100804,2024-10-09,dubai marina,apartment,studio,257.1,6270446.0,0.0,3,sale,dld
dxb-100855,2026-03-20,Unknown,apartment,3 br,292.9,7793235.0,3.0,2,sale,broker
dxb-101360,2024-04-29,dubai marina,villa,5 br,222.5,7376300.0,5.0,1,sale,dld
dxb-101326,2024-06-11,deira,apartment,studio,89.7,250000.0,0.0,0,mortgage,dld
dxb-100675,2026-06-21,palm jumeirah,apartment,studio,169.5,5134728.0,0.0,3,sale,developer
dxb-100649,2023-08-04,jumeirah,apartment,2 br,114.8,2965075.0,2.0,2,sale,broker
dxb-101009,2026-01-03,downtown dubai,apartment,3 br,69.4,2288556.0,3.0,0,sale,broker
dxb-101397,2024-11-22,business bay,hotel apartment,2 br,302.0,4878945.0,2.0,0,sale,broker
dxb-100976,2025-03-11,international city,apartment,1 br,48.3,538598.0,1.0,1,mortgage,broker
dxb-100188,2025-06-05,dubai marina,townhouse,2 br,121.8,2847370.0,2.0,2,sale,dld
dxb-101479,2023-09-15,dubai silicon oasis,apartment,2 br,165.8,2457307.0,2.0,3,mortgage,developer
dxb-100805,2023-11-27,deira,apartment,3 br,75.9,724574.0,3.0,0,sale,dld
dxb-100946,2026-06-19,dubai marina,villa,5 br,129.4,4178984.0,5.0,1,mortgage,dld
dxb-101430,2025-11-20,bur dubai,hotel apartment,2 br,79.2,1173286.0,2.0,2,sale,dld
dxb-100343,2026-07-14,international city,villa,3 br,186.5,1672088.0,3.0,1,sale,developer
dxb-101259,2024-10-23,dubai marina,hotel apartment,studio,151.0,3422516.0,0.0,2,sale,developer
dxb-100007,2026-02-20,palm jumeirah,townhouse,3 br,271.4,10002007.0,3.0,2,mortgage,dld
dxb-100820,2026-05-02,downtown dubai,apartment,1 br,166.8,6373652.0,1.0,3,sale,broker
dxb-101465,2024-07-22,downtown dubai,villa,3 br,62.9,2236999.0,3.0,3,sale,dld
dxb-100215,2025-06-03,business bay,townhouse,3 br,292.1,6618656.0,3.0,2,sale,developer
dxb-100109,2024-01-20,business bay,hotel apartment,1 br,67.4,808848.0,1.0,0,mortgage,developer
dxb-100219,2025-09-01,palm jumeirah,apartment,studio,138.4,4962665.0,0.0,2,mortgage,dld
dxb-100803,2024-07-21,dubai marina,villa,4 br,84.1,1695944.0,4.0,1,sale,dld
dxb-101358,2026-02-02,arabian ranches,villa,4 br,46.3,1158186.0,4.0,2,mortgage,dld
dxb-100612,2024-05-04,Unknown,hotel apartment,2 br,107.0,85000000.0,2.0,3,sale,dld
dxb-100027,2025-09-03,jumeirah,apartment,studio,54.7,1509974.0,0.0,3,sale,broker
dxb-100230,2023-10-16,deira,apartment,3 br,159.5,1542065.0,3.0,3,mortgage,broker
dxb-100506,2023-04-02,deira,apartment,1 br,317.0,2824725.0,1.0,1,sale,dld
dxb-100415,2023-04-27,palm jumeirah,apartment,studio,147.9,3908374.0,0.0,0,mortgage,developer
dxb-100052,2025-01-02,jumeirah,townhouse,2 br,86.0,1910892.0,2.0,2,sale,dld
dxb-101277,2025-04-19,jumeirah,apartment,studio,112.0,3434283.0,0.0,3,sale,broker
dxb-101226,2024-09-05,palm jumeirah,apartment,2 br,141.3,4771257.0,2.0,1,sale,dld
dxb-100586,2023-06-13,palm jumeirah,apartment,3 br,157.8,6241880.0,3.0,1,sale,dld
dxb-100689,2024-04-01,jumeirah village circle,apartment,1 br,67.6,871261.0,1.0,2,mortgage,dld
dxb-100558,2026-03-29,jumeirah village circle,villa,4 br,126.4,1032218.0,4.0,1,sale,dld
dxb-100196,2025-11-15,business bay,villa,3 br,134.7,2378176.0,3.0,2,sale,developer
dxb-101432,2023-04-11,bur dubai,apartment,1 br,187.3,1347409.0,1.0,0,sale,dld
dxb-101035,2025-12-11,dubai marina,villa,5 br,78.3,2214314.0,5.0,0,mortgage,dld
dxb-100975,2026-06-18,arabian ranches,villa,5 br,62.0,1122243.0,5.0,2,sale,dld
dxb-100064,2023-02-27,arabian ranches,villa,6 br,396.3,4547070.0,6.0,2,sale,dld
dxb-100943,2025-01-19,mirdif,apartment,3 br,59.3,766009.0,3.0,0,sale,broker
dxb-100069,2023-04-24,downtown dubai,apartment,studio,324.2,6088159.0,0.0,0,sale,broker
dxb-101080,2024-02-08,bur dubai,apartment,2 br,283.6,2933258.0,2.0,3,sale,dld
dxb-101203,2026-04-08,downtown dubai,villa,4 br,235.2,8388075.0,4.0,0,sale,developer
dxb-101043,2023-12-25,downtown dubai,villa,6 br,130.6,3266730.0,6.0,1,mortgage,dld
dxb-100379,2026-01-27,dubai hills estate,villa,6 br,99.9,2779538.0,6.0,3,sale,dld
dxb-100267,2026-02-06,arabian ranches,apartment,studio,107.35,2075686.0,0.0,3,sale,dld
dxb-100829,2023-12-16,jumeirah village circle,apartment,1 br,129.9,2050465.0,1.0,2,mortgage,broker
dxb-100757,2025-06-12,dubai silicon oasis,hotel apartment,studio,163.2,2345089.0,0.0,2,sale,broker
dxb-100138,2025-07-11,al barsha,townhouse,3 br,123.3,2958373.0,3.0,0,sale,dld
dxb-100574,2024-08-01,mirdif,penthouse,2 br,140.6,2721112.0,2.0,0,sale,broker
dxb-100218,2023-04-29,mirdif,hotel apartment,1 br,66.7,1165091.0,1.0,0,sale,dld
dxb-100638,2023-03-31,Unknown,townhouse,2 br,169.3,4899082.0,2.0,2,sale,dld
dxb-100357,2026-05-07,bur dubai,townhouse,3 br,97.6,713215.0,3.0,3,sale,dld
dxb-100483,2025-08-03,business bay,apartment,1 br,117.1,1376166.0,1.0,3,mortgage,broker
dxb-101047,2024-06-11,business bay,townhouse,2 br,131.6,3339870.0,2.0,0,sale,dld
dxb-100235,2024-10-12,dubai silicon oasis,townhouse,3 br,66.4,1322120.0,3.0,2,sale,dld
dxb-100693,2025-06-15,jumeirah lake towers,apartment,studio,112.8,2387665.0,0.0,2,sale,dld
dxb-100237,2023-03-01,mirdif,townhouse,3 br,197.4,966544.0,3.0,1,sale,dld
dxb-100783,2025-09-12,jumeirah,villa,6 br,167.8,3911266.0,6.0,2,sale,dld
dxb-101204,2025-05-18,jumeirah lake towers,apartment,1 br,122.8,2988672.0,1.0,1,sale,broker
dxb-101060,2025-03-26,jumeirah village circle,hotel apartment,1 br,75.2,985033.0,1.0,3,sale,broker
dxb-101236,2024-05-08,mirdif,apartment,1 br,145.0,2124849.0,1.0,2,sale,dld
dxb-100908,2024-01-26,jumeirah village circle,apartment,2 br,104.8,1545134.0,2.0,0,mortgage,dld
dxb-100100,2024-11-12,dubai hills estate,hotel apartment,2 br,133.8,2195624.0,2.0,3,sale,dld
dxb-100590,2024-01-09,downtown dubai,hotel apartment,2 br,46.0,1024532.0,2.0,2,sale,developer
dxb-100332,2024-07-24,business bay,villa,4 br,126.4,3550933.0,4.0,3,sale,broker
dxb-100995,2025-03-22,dubai hills estate,apartment,studio,50.0,1520691.0,0.0,3,mortgage,developer
dxb-100606,2026-01-04,jumeirah lake towers,penthouse,4 br,70.3,1289611.0,4.0,1,sale,developer
dxb-100965,2026-03-18,deira,apartment,2 br,77.5,507081.0,2.0,0,sale,dld
dxb-101016,2024-04-05,jlt,villa,5 br,107.5,2430523.0,5.0,2,mortgage,dld
dxb-100422,2023-10-10,international city,apartment,2 br,25.0,322477.0,2.0,3,sale,developer
dxb-100258,2026-02-03,dubai silicon oasis,apartment,1 br,70.0,973670.0,1.0,0,sale,broker
dxb-101396,2023-03-14,jumeirah lake towers,apartment,studio,41.5,678715.0,0.0,1,mortgage,broker
dxb-101177,2023-12-08,arabian ranches,apartment,1 br,149.5,3972990.0,1.0,2,mortgage,dld
dxb-101386,2023-12-25,business bay,villa,6 br,580.0,14986323.0,6.0,2,sale,dld
dxb-101394,2026-05-06,al barsha,townhouse,3 br,114.8,3956062.0,3.0,3,mortgage,dld
dxb-100866,2026-04-05,al barsha,penthouse,2 br,107.0,2572536.0,2.0,1,sale,broker
dxb-100437,2023-06-26,international city,apartment,2 br,95.6,665459.0,2.0,3,sale,broker
dxb-100552,2023-05-18,mirdif,apartment,3 br,199.3,2853811.0,3.0,3,sale,developer
dxb-100792,2025-10-21,business bay,apartment,1 br,235.8,1945895.0,1.0,0,sale,dld
dxb-100072,2024-10-03,business bay,penthouse,3 br,85.3,3338128.0,3.0,1,sale,dld
dxb-100983,2024-11-02,arabian ranches,apartment,3 br,92.4,2301376.0,3.0,3,mortgage,developer
dxb-100084,2024-12-14,dubai hills estate,apartment,2 br,196.7,4589080.0,2.0,1,sale,dld
dxb-100544,2024-11-03,dubai marina,apartment,3 br,97.3,2496655.0,3.0,0,sale,dld
dxb-100813,2026-03-08,palm jumeirah,villa,4 br,44.0,2967902.0,4.0,0,sale,developer
dxb-101172,2024-03-13,al barsha,apartment,3 br,168.5,1869078.0,3.0,2,mortgage,dld
dxb-100759,2025-09-26,dubai silicon oasis,apartment,studio,37.9,531412.0,0.0,1,sale,dld
dxb-101037,2026-08-31,international city,apartment,3 br,114.1,1941676.0,3.0,1,sale,developer
dxb-100904,2023-01-18,bur dubai,hotel apartment,studio,101.9,1647551.0,0.0,2,sale,dld
dxb-100840,2025-05-29,bur dubai,apartment,1 br,148.5,2085883.0,1.0,0,mortgage,dld
dxb-101355,2026-05-03,deira,apartment,2 br,102.3,979078.0,2.0,1,sale,dld
dxb-101050,2026-02-07,jumeirah lake towers,villa,5 br,51.8,2318563.0,5.0,2,sale,dld
dxb-100368,2023-05-08,palm jumeirah,apartment,3 br,341.7,12573083.0,3.0,2,sale,broker
dxb-100450,2026-06-07,al barsha,apartment,1 br,76.1,1147026.0,1.0,1,sale,dld
dxb-100277,2023-11-28,business bay,apartment,2 br,112.5,2577022.0,2.0,0,sale,broker
dxb-100719,2024-06-04,business bay,hotel apartment,1 br,175.8,3975998.0,1.0,1,sale,dld
dxb-101454,2026-02-05,international city,apartment,2 br,153.9,2275851.0,2.0,2,sale,broker
dxb-100704,2023-06-23,mirdif,apartment,2 br,229.3,3314480.0,2.0,3,sale,dld
dxb-100858,2023-09-24,jumeirah lake towers,apartment,studio,257.7,3777801.0,0.0,2,mortgage,developer
dxb-100571,2025-05-06,Unknown,townhouse,3 br,120.2,1563280.0,3.0,2,sale,dld
dxb-101230,2025-11-01,downtown dubai,apartment,3 br,52.5,1569551.0,3.0,2,sale,dld
dxb-101483,2023-09-12,dubai marina,apartment,3 br,217.0,4953619.0,3.0,2,mortgage,broker
dxb-100132,2025-11-12,jumeirah,villa,4 br,110.2,3287890.0,4.0,3,sale,dld
dxb-100091,2024-05-02,dubai hills estate,villa,3 br,100.1,3524069.0,3.0,2,sale,dld
dxb-101380,2023-02-02,mirdif,apartment,studio,125.9,1992017.0,0.0,0,sale,dld
dxb-100593,2026-07-27,dubai silicon oasis,villa,6 br,135.9,1964301.0,6.0,3,sale,developer
dxb-100627,2023-09-27,business bay,apartment,2 br,163.2,2492780.0,2.0,0,sale,dld
dxb-100428,2024-10-31,jumeirah,apartment,studio,31.7,917725.0,0.0,0,mortgage,dld
dxb-101065,2023-05-26,dubai hills estate,hotel apartment,1 br,76.9,2383079.0,1.0,1,mortgage,broker
dxb-101489,2025-05-31,dubai hills estate,apartment,2 br,50.3,2050559.0,2.0,2,sale,dld
dxb-100344,2024-04-19,dubai silicon oasis,townhouse,4 br,34.5,316194.0,4.0,3,sale,dld
dxb-101318,2025-03-31,deira,townhouse,3 br,86.6,1150237.0,3.0,0,sale,dld
dxb-100825,2023-01-28,bur dubai,apartment,1 br,136.8,1051765.0,1.0,1,sale,dld
dxb-101149,2025-06-03,dubai hills estate,penthouse,4 br,114.8,5180261.0,4.0,2,mortgage,broker
dxb-100425,2024-03-23,mirdif,townhouse,2 br,62.8,741556.0,2.0,3,mortgage,dld
dxb-100742,2024-11-13,mirdif,penthouse,4 br,114.8,5426219.0,4.0,1,sale,dld
dxb-100876,2023-10-01,arabian ranches,apartment,studio,137.3,3494364.0,0.0,3,sale,broker
dxb-100180,2025-05-05,business bay,penthouse,2 br,168.8,3931698.0,2.0,3,sale,dld
dxb-100701,2023-06-03,business bay,apartment,1 br,100.1,1792585.0,1.0,0,mortgage,broker
dxb-101006,2023-01-19,business bay,hotel apartment,studio,248.2,6219745.0,0.0,2,sale,dld
dxb-101159,2024-05-19,dubai marina,townhouse,4 br,72.2,2104303.0,4.0,0,sale,dld
dxb-100106,2023-02-21,deira,apartment,studio,105.7,1450191.0,0.0,3,sale,dld
dxb-100518,2026-03-07,arabian ranches,apartment,3 br,162.0,2773275.0,3.0,2,sale,dld
dxb-100958,2023-07-05,downtown dubai,apartment,2 br,50.5,907857.0,2.0,3,mortgage,developer
dxb-100094,2023-08-25,Unknown,apartment,2 br,52.1,667789.0,2.0,0,mortgage,dld
dxb-100768,2026-05-18,deira,apartment,2 br,67.3,693249.0,2.0,2,mortgage,dld
dxb-101174,2026-01-10,palm jumeirah,apartment,1 br,221.9,7371815.0,1.0,0,mortgage,broker
dxb-101295,2023-06-23,mirdif,apartment,studio,76.1,1269158.0,0.0,1,mortgage,dld
dxb-100375,2025-08-01,al barsha,apartment,2 br,63.1,876952.0,2.0,2,sale,dld
dxb-100812,2026-08-20,arabian ranches,hotel apartment,studio,89.9,2170872.0,0.0,3,sale,dld
dxb-100026,2023-02-16,downtown dubai,apartment,studio,321.5,9445507.0,0.0,3,sale,dld
dxb-100712,2024-02-28,deira,townhouse,3 br,48.8,616398.0,3.0,1,sale,dld
dxb-100945,2025-08-24,arabian ranches,apartment,1 br,53.7,1087198.0,1.0,3,sale,dld
dxb-100898,2023-07-12,jumeirah lake towers,apartment,3 br,357.4,7428623.0,3.0,0,sale,dld
dxb-101449,2024-06-29,bur dubai,apartment,2 br,142.8,1725597.0,2.0,3,sale,dld
dxb-101271,2026-02-20,al barsha,apartment,studio,236.1,2873459.0,0.0,2,sale,dld
dxb-100345,2025-04-05,jumeirah,townhouse,4 br,72.1,1873691.0,4.0,3,sale,dld
dxb-101421,2024-08-29,mirdif,apartment,3 br,62.5,639604.0,3.0,2,sale,broker
dxb-100232,2026-03-22,arabian ranches,hotel apartment,2 br,132.6,3778214.0,2.0,2,mortgage,dld
dxb-101420,2023-05-08,arabian ranches,villa,3 br,49.1,776112.0,3.0,2,mortgage,dld
dxb-101061,2026-03-05,dubai marina,villa,3 br,153.1,4737671.0,3.0,2,sale,broker
dxb-100566,2026-01-23,palm jumeirah,townhouse,3 br,152.5,4030165.0,3.0,1,sale,developer
dxb-101032,2024-06-29,jumeirah lake towers,apartment,2 br,70.6,1496514.0,2.0,2,sale,developer
dxb-100695,2025-11-14,international city,apartment,1 br,215.9,2278172.0,1.0,2,sale,broker
dxb-100741,2025-07-13,jlt,apartment,3 br,52.0,1488884.0,3.0,0,mortgage,dld
dxb-101389,2024-04-11,dubai silicon oasis,apartment,1 br,48.3,648853.0,1.0,0,sale,developer
dxb-100288,2024-06-26,jvc,apartment,1 br,115.2,1250873.0,1.0,2,mortgage,broker
dxb-100309,2026-04-30,mirdif,apartment,3 br,126.8,1600278.0,3.0,3,sale,dld
dxb-101079,2023-06-17,jumeirah,apartment,1 br,160.4,2484795.0,1.0,0,sale,dld
dxb-101411,2024-05-29,dubai silicon oasis,hotel apartment,1 br,80.8,1537819.0,1.0,0,mortgage,dld
dxb-100364,2026-06-25,jvc,villa,6 br,106.3,2079396.0,6.0,1,sale,dld
dxb-100283,2025-07-20,downtown dubai,apartment,3 br,53.3,1809981.0,3.0,0,mortgage,dld
dxb-100808,2025-07-19,al barsha,apartment,studio,72.5,969326.0,0.0,3,sale,dld
dxb-100896,2023-05-15,al barsha,apartment,3 br,59.2,1093017.0,3.0,3,sale,developer
dxb-100078,2023-04-09,business bay,villa,4 br,90.5,2063147.0,4.0,1,sale,dld
dxb-101108,2025-06-06,al barsha,hotel apartment,1 br,101.2,1934813.0,1.0,2,sale,dld
dxb-100501,2026-02-07,international city,penthouse,2 br,54.4,656924.0,2.0,0,sale,broker
dxb-101223,2026-04-01,al barsha,villa,5 br,134.1,1280494.0,5.0,1,sale,developer
dxb-100932,2023-07-27,arabian ranches,apartment,1 br,60.3,1952009.0,1.0,0,mortgage,dld
dxb-100527,2025-08-13,downtown dubai,hotel apartment,studio,116.3,2923199.0,0.0,1,mortgage,dld
dxb-100221,2025-08-21,business bay,apartment,3 br,78.7,1688345.0,3.0,3,mortgage,developer
dxb-101197,2025-07-03,downtown dubai,villa,6 br,192.4,3092893.0,6.0,2,mortgage,dld
dxb-100800,2026-04-26,bur dubai,townhouse,2 br,89.5,1738271.0,2.0,2,mortgage,broker
dxb-100883,2025-05-22,palm jumeirah,apartment,1 br,106.2,4093819.0,1.0,2,sale,dld
dxb-100499,2023-09-04,palm jumeirah,apartment,1 br,91.2,4233921.0,1.0,1,sale,dld
dxb-100281,2024-12-15,jumeirah,apartment,2 br,192.4,4141180.0,2.0,2,sale,dld
dxb-100494,2024-01-08,bur dubai,townhouse,3 br,146.8,2038980.0,3.0,1,sale,dld
dxb-100953,2026-01-29,palm jumeirah,apartment,3 br,64.1,1426866.0,3.0,3,sale,broker
dxb-100037,2026-07-26,jumeirah village circle,apartment,2 br,193.5,2919092.0,2.0,2,sale,dld
dxb-100706,2026-05-26,jumeirah village circle,townhouse,4 br,52.4,863029.0,4.0,2,sale,broker
dxb-101002,2026-06-11,dubai marina,apartment,studio,123.3,2306339.0,0.0,1,sale,broker
dxb-100488,2026-08-11,palm jumeirah,villa,6 br,103.2,4641136.0,6.0,0,mortgage,broker
dxb-101196,2025-05-09,dubai silicon oasis,apartment,studio,64.2,1231026.0,0.0,0,sale,dld
dxb-100754,2024-08-11,dubai marina,villa,4 br,139.1,3597798.0,4.0,2,sale,broker
dxb-100646,2024-12-23,international city,apartment,1 br,52.7,432314.0,1.0,1,sale,dld
dxb-100105,2024-12-17,jumeirah lake towers,villa,4 br,69.5,1092686.0,4.0,2,sale,dld
dxb-100990,2023-02-12,jumeirah,villa,4 br,158.6,4550123.0,4.0,2,mortgage,dld
dxb-100733,2026-01-27,bur dubai,apartment,studio,110.5,713658.0,0.0,2,mortgage,broker
dxb-101329,2025-03-12,bur dubai,apartment,1 br,85.1,886499.0,1.0,3,sale,dld
dxb-100125,2023-09-03,bur dubai,apartment,1 br,76.0,1114311.0,1.0,2,sale,developer
dxb-100865,2025-02-27,jumeirah,hotel apartment,studio,174.4,5481657.0,0.0,2,sale,dld
dxb-101034,2024-02-16,palm jumeirah,apartment,studio,61.9,2746017.0,0.0,0,sale,dld
dxb-101257,2024-09-05,downtown dubai,townhouse,3 br,190.9,8124756.0,3.0,3,sale,dld
dxb-101324,2023-10-21,mirdif,apartment,2 br,203.3,2510771.0,2.0,1,sale,developer
dxb-100384,2024-09-21,Unknown,apartment,studio,76.1,1847106.0,0.0,2,sale,developer
dxb-101126,2023-03-14,dubai marina,apartment,1 br,104.2,1557167.0,1.0,1,sale,dld
dxb-100161,2024-08-27,bur dubai,hotel apartment,1 br,300.2,4719542.0,1.0,2,sale,broker
dxb-101099,2026-05-03,dubai hills estate,apartment,3 br,151.9,3651074.0,3.0,0,mortgage,broker
dxb-100489,2023-11-06,arabian ranches,villa,6 br,197.4,5132825.0,6.0,2,sale,dld
dxb-100711,2024-08-14,mirdif,villa,3 br,94.6,817116.0,3.0,1,mortgage,dld
dxb-100801,2025-11-24,dubai silicon oasis,apartment,3 br,114.3,1249470.0,3.0,0,mortgage,developer
dxb-100373,2023-03-14,al barsha,apartment,2 br,143.5,3473669.0,2.0,0,mortgage,dld
dxb-100441,2025-12-13,dubai marina,apartment,1 br,109.4,1820819.0,1.0,1,sale,dld
dxb-100631,2025-04-18,dubai silicon oasis,townhouse,3 br,235.0,2961812.0,3.0,2,sale,developer
dxb-100816,2023-01-06,palm jumeirah,penthouse,3 br,224.7,7676149.0,3.0,3,sale,dld
dxb-101160,2023-06-28,palm jumeirah,apartment,studio,57.3,2038988.0,0.0,0,sale,broker
dxb-100639,2025-10-13,international city,penthouse,4 br,134.3,2653692.0,4.0,2,sale,dld
dxb-101027,2024-11-18,palm jumeirah,apartment,1 br,225.9,8340397.0,1.0,3,mortgage,broker
dxb-101056,2026-01-08,deira,hotel apartment,studio,66.7,690666.0,0.0,0,sale,dld
dxb-100374,2024-08-26,arabian ranches,apartment,studio,161.9,2968433.0,0.0,1,sale,developer
dxb-100723,2024-02-25,mirdif,hotel apartment,2 br,96.7,1134469.0,2.0,1,sale,dld
dxb-100851,2024-03-13,dubai marina,apartment,2 br,300.0,7253603.0,2.0,2,sale,dld
dxb-100771,2025-09-16,jlt,villa,4 br,146.5,2682465.5,4.0,3,sale,dld
dxb-100985,2025-04-05,dubai hills estate,hotel apartment,studio,124.2,3048675.0,0.0,1,sale,dld
dxb-100118,2026-01-26,dubai marina,apartment,2 br,65.8,1229726.0,2.0,2,sale,dld
dxb-101194,2024-10-05,dubai silicon oasis,penthouse,3 br,93.0,250000.0,3.0,2,sale,broker
dxb-101368,2026-07-20,bur dubai,apartment,3 br,200.9,1601978.0,3.0,0,mortgage,dld
dxb-101467,2025-11-21,mirdif,apartment,2 br,107.1,1405851.0,2.0,3,sale,broker
dxb-101207,2024-09-04,Unknown,apartment,1 br,101.5,1180056.0,1.0,3,sale,developer
dxb-101053,2023-12-30,deira,apartment,2 br,59.3,1024894.0,2.0,3,mortgage,dld
dxb-100414,2024-09-08,dubai silicon oasis,apartment,3 br,121.2,1818386.0,3.0,1,sale,dld
dxb-100862,2023-12-02,business bay,townhouse,3 br,100.1,2970796.0,3.0,1,mortgage,broker
dxb-100810,2023-05-12,business bay,apartment,3 br,155.6,3883004.0,3.0,0,mortgage,broker
dxb-100770,2023-08-02,palm jumeirah,apartment,studio,71.5,1628455.0,0.0,3,sale,broker
dxb-100127,2024-08-18,Unknown,apartment,studio,210.2,2987172.0,0.0,2,sale,dld
dxb-101254,2023-03-21,dubai hills estate,apartment,studio,89.8,2930105.0,0.0,0,sale,dld
dxb-100572,2026-05-16,arabian ranches,apartment,studio,272.2,3541456.0,0.0,2,mortgage,dld
dxb-101364,2024-01-16,dubai silicon oasis,apartment,3 br,76.5,1042339.0,3.0,2,sale,dld
dxb-100942,2023-03-11,bur dubai,apartment,3 br,137.1,2054570.0,3.0,0,sale,dld
dxb-100672,2024-12-06,dubai silicon oasis,hotel apartment,2 br,171.3,1908205.0,2.0,0,sale,broker
dxb-100399,2025-08-31,arabian ranches,apartment,2 br,39.0,613372.0,2.0,2,mortgage,developer
dxb-100784,2025-04-07,mirdif,hotel apartment,2 br,140.4,2552976.0,2.0,3,sale,dld
dxb-100551,2026-05-15,al barsha,apartment,studio,177.8,1844312.0,0.0,1,sale,dld
dxb-100564,2023-05-18,jumeirah,villa,5 br,199.1,6896034.0,5.0,0,sale,broker
dxb-100174,2023-09-21,mirdif,apartment,3 br,118.2,2028603.0,3.0,1,mortgage,dld
dxb-100320,2025-04-13,downtown dubai,hotel apartment,1 br,187.0,3620991.0,1.0,0,sale,dld
dxb-100524,2024-09-08,jlt,apartment,3 br,65.4,579400.0,3.0,0,sale,dld
dxb-100469,2023-07-29,deira,apartment,3 br,74.3,874911.0,3.0,0,sale,dld
dxb-101276,2023-02-21,downtown dubai,apartment,1 br,91.0,2033051.0,1.0,2,sale,dld
dxb-101438,2023-09-23,dubai hills estate,hotel apartment,2 br,79.5,3363171.0,2.0,3,mortgage,developer
dxb-101356,2024-10-05,mirdif,apartment,1 br,138.1,2404899.0,1.0,3,sale,dld
dxb-100079,2025-10-18,palm jumeirah,townhouse,2 br,87.2,3910082.0,2.0,1,mortgage,developer
dxb-100533,2026-03-25,mirdif,villa,3 br,232.6,3111800.0,3.0,3,sale,dld
dxb-101045,2023-05-05,dubai marina,apartment,3 br,165.6,4551952.0,3.0,1,sale,dld
dxb-100457,2025-08-25,dubai marina,apartment,1 br,60.9,1561869.0,1.0,0,sale,dld
dxb-100290,2026-05-09,palm jumeirah,townhouse,2 br,39.9,1236382.0,2.0,3,sale,broker
dxb-100370,2024-08-24,mirdif,townhouse,2 br,188.1,3182941.0,2.0,3,mortgage,dld
dxb-100265,2023-02-12,international city,apartment,studio,193.2,2428685.0,0.0,1,sale,dld
dxb-100588,2024-09-04,international city,apartment,studio,112.4,1416970.0,0.0,3,sale,dld
dxb-100477,2025-07-15,al barsha,villa,3 br,32.9,494110.0,3.0,1,sale,dld
dxb-100164,2023-12-26,downtown dubai,villa,4 br,76.6,2660661.0,4.0,3,sale,dld
dxb-101294,2023-04-05,bur dubai,apartment,1 br,110.4,3399461.0,1.0,3,sale,dld
dxb-100093,2025-07-08,business bay,apartment,2 br,164.8,3209936.0,2.0,1,sale,dld
dxb-100473,2026-06-28,bur dubai,apartment,3 br,162.4,2377907.0,3.0,1,sale,dld
dxb-100197,2024-07-23,deira,penthouse,2 br,158.8,1404675.0,2.0,1,mortgage,dld
dxb-100185,2024-04-07,mirdif,villa,5 br,69.9,1753147.0,5.0,1,mortgage,dld
dxb-101004,2024-07-08,deira,villa,5 br,142.4,1879493.0,5.0,0,sale,dld
dxb-100421,2024-11-06,jumeirah,apartment,3 br,90.9,2156288.0,3.0,0,sale,dld
dxb-100256,2024-01-22,Unknown,townhouse,3 br,52.0,652952.0,3.0,1,sale,dld
dxb-100135,2025-05-07,dubai marina,apartment,3 br,344.5,8995622.0,3.0,0,mortgage,dld
dxb-101098,2023-09-26,jumeirah,penthouse,4 br,85.3,3344541.0,4.0,2,sale,dld
dxb-101167,2024-07-22,jumeirah village circle,apartment,3 br,150.0,2995692.0,3.0,0,mortgage,dld
dxb-100051,2023-09-22,jumeirah village circle,apartment,studio,53.2,757963.0,0.0,1,mortgage,dld
dxb-101406,2024-11-03,business bay,hotel apartment,1 br,95.8,1377816.0,1.0,3,sale,broker
dxb-100583,2023-10-03,jumeirah lake towers,apartment,1 br,140.5,2035442.0,1.0,2,sale,dld
dxb-101457,2026-03-30,dubai marina,apartment,2 br,121.5,3300122.0,2.0,2,mortgage,broker
dxb-101363,2026-03-31,mirdif,apartment,studio,95.2,1934789.0,0.0,3,mortgage,dld
dxb-100433,2026-04-30,dubai hills estate,townhouse,4 br,111.8,2211146.0,4.0,0,sale,dld
dxb-100049,2025-01-10,arabian ranches,apartment,3 br,98.7,2361663.0,3.0,3,sale,developer
dxb-100341,2026-06-09,jumeirah lake towers,hotel apartment,studio,38.3,735454.0,0.0,2,sale,broker
dxb-100797,2023-06-04,dubai marina,apartment,2 br,73.4,2009824.0,2.0,2,sale,dld
dxb-101237,2024-09-02,downtown dubai,apartment,3 br,197.1,1941676.0,3.0,0,mortgage,developer
dxb-100526,2025-02-20,downtown dubai,hotel apartment,studio,168.1,3920344.0,0.0,3,mortgage,broker
dxb-100954,2026-05-24,dubai silicon oasis,hotel apartment,studio,87.6,1145172.0,0.0,3,sale,dld
dxb-101202,2026-08-26,dubai hills estate,townhouse,2 br,78.6,827275.0,2.0,2,mortgage,dld
dxb-100682,2024-03-02,business bay,apartment,2 br,176.6,4190699.0,2.0,2,mortgage,dld
dxb-100462,2024-08-21,bur dubai,hotel apartment,2 br,153.0,1976884.0,2.0,3,sale,broker
dxb-101110,2025-03-26,dubai marina,apartment,1 br,49.7,781652.0,1.0,2,mortgage,dld
dxb-100967,2023-11-04,business bay,apartment,1 br,156.5,2986788.0,1.0,1,mortgage,broker
dxb-101297,2024-07-21,jumeirah,apartment,2 br,208.4,2418980.0,2.0,1,mortgage,dld
dxb-100468,2026-02-22,al barsha,apartment,studio,173.1,2853707.0,0.0,1,mortgage,dld
dxb-100647,2025-12-25,international city,apartment,3 br,156.8,1170430.0,3.0,2,mortgage,dld
dxb-101097,2023-01-17,jvc,townhouse,4 br,56.1,678351.0,4.0,2,sale,dld
dxb-100033,2025-04-05,downtown dubai,apartment,3 br,238.8,6642483.0,3.0,2,mortgage,dld
dxb-100416,2026-08-28,international city,apartment,studio,66.4,661395.0,0.0,2,sale,developer
dxb-100809,2025-10-11,international city,hotel apartment,1 br,43.0,550398.0,1.0,1,sale,developer
dxb-100247,2026-08-18,downtown dubai,apartment,1 br,63.9,2502225.0,1.0,3,sale,broker
dxb-100930,2023-09-06,arabian ranches,apartment,3 br,271.4,5387512.0,3.0,0,sale,dld
dxb-100937,2023-12-13,al barsha,apartment,studio,111.0,2135453.0,0.0,2,mortgage,dld
dxb-100439,2025-12-01,deira,villa,4 br,48.8,434705.0,4.0,3,sale,developer
dxb-101350,2024-08-07,international city,townhouse,2 br,85.2,771006.0,2.0,2,mortgage,dld
dxb-101148,2025-09-20,deira,apartment,3 br,176.5,2318209.0,3.0,3,sale,broker
dxb-100216,2025-07-06,dubai marina,apartment,3 br,125.4,2654855.0,3.0,2,sale,broker
dxb-101488,2024-05-07,international city,penthouse,4 br,167.5,3194179.0,4.0,0,sale,dld
dxb-101096,2025-04-06,dubai silicon oasis,apartment,2 br,122.5,1572735.0,2.0,1,mortgage,developer
dxb-100543,2025-08-31,jumeirah,hotel apartment,1 br,33.9,956801.0,1.0,1,mortgage,broker
dxb-101123,2025-07-29,business bay,apartment,3 br,177.0,3889485.0,3.0,0,sale,broker
dxb-101286,2024-04-27,arabian ranches,apartment,2 br,88.9,2147045.0,2.0,1,mortgage,dld
dxb-100493,2026-03-04,jumeirah,apartment,2 br,135.6,4438825.0,2.0,1,mortgage,dld
dxb-101205,2023-02-18,deira,apartment,3 br,63.1,805432.0,3.0,2,sale,broker
dxb-100464,2023-04-02,dubai hills estate,villa,6 br,95.3,3498830.0,6.0,3,sale,developer
dxb-100391,2023-10-24,al barsha,apartment,2 br,181.4,3495619.0,2.0,3,mortgage,dld
dxb-101473,2024-03-28,jumeirah village circle,apartment,studio,82.0,1166423.0,0.0,0,sale,dld
dxb-100438,2023-06-01,mirdif,townhouse,2 br,47.2,671255.0,2.0,3,sale,dld
dxb-101464,2025-06-30,palm jumeirah,villa,5 br,85.2,4503082.0,5.0,2,sale,developer
dxb-100582,2023-11-11,business bay,apartment,studio,93.0,1723330.0,0.0,1,sale,developer
dxb-100860,2026-04-18,dubai silicon oasis,townhouse,3 br,163.6,3577320.0,3.0,1,sale,dld
dxb-100326,2024-10-26,jumeirah village circle,townhouse,2 br,91.3,1162114.0,2.0,2,mortgage,dld
dxb-100226,2025-11-12,dubai silicon oasis,apartment,studio,74.9,741391.0,0.0,3,sale,dld
dxb-100465,2024-04-12,jumeirah,villa,3 br,39.6,1236024.0,3.0,2,sale,developer
dxb-100553,2025-10-18,arabian ranches,hotel apartment,2 br,164.5,4211570.0,2.0,2,sale,broker
dxb-100061,2026-08-04,jumeirah lake towers,apartment,1 br,84.2,1720069.0,1.0,0,mortgage,dld
dxb-100418,2023-09-19,downtown dubai,apartment,3 br,138.5,3669793.0,3.0,2,sale,dld
dxb-101113,2026-03-25,mirdif,hotel apartment,studio,100.4,2007551.0,0.0,3,mortgage,dld
dxb-100708,2026-05-25,al barsha,apartment,1 br,274.7,1257587.0,1.0,1,sale,dld
dxb-101475,2023-05-22,jumeirah lake towers,apartment,2 br,106.6,2375696.0,2.0,1,sale,dld
dxb-100538,2026-03-20,al barsha,apartment,3 br,93.1,975250.0,3.0,0,sale,dld
dxb-100155,2024-01-14,deira,villa,3 br,119.7,923402.0,3.0,1,sale,broker
dxb-100796,2025-02-09,arabian ranches,apartment,studio,125.9,2507495.0,0.0,2,sale,broker
dxb-101224,2024-04-18,jumeirah,apartment,studio,229.5,5302999.0,0.0,0,sale,dld
dxb-100977,2024-08-09,mirdif,apartment,2 br,231.3,3580103.0,2.0,1,sale,dld
dxb-101199,2023-07-03,business bay,townhouse,3 br,133.3,889496.0,3.0,0,sale,dld
dxb-100082,2025-06-12,jlt,townhouse,2 br,80.5,1978782.0,2.0,2,sale,dld
dxb-101413,2025-04-06,arabian ranches,hotel apartment,studio,67.3,1947618.0,0.0,1,sale,dld
dxb-101250,2024-02-05,palm jumeirah,apartment,3 br,401.7,10167674.0,3.0,2,mortgage,dld
dxb-100366,2025-08-13,international city,townhouse,3 br,119.5,1109881.0,3.0,2,sale,broker
dxb-101317,2023-05-12,palm jumeirah,apartment,3 br,94.9,1941676.0,3.0,1,sale,dld
dxb-101135,2024-03-29,mirdif,apartment,2 br,104.4,1310968.0,2.0,2,sale,dld
dxb-100611,2026-03-13,arabian ranches,villa,5 br,95.0,1104919.0,5.0,2,sale,developer
dxb-100348,2023-08-22,downtown dubai,villa,3 br,167.8,7035755.0,3.0,1,mortgage,dld
dxb-101208,2025-02-25,business bay,apartment,2 br,734.9,8133365.0,2.0,3,mortgage,dld
dxb-101374,2026-07-09,jumeirah lake towers,hotel apartment,2 br,347.4,6825326.0,2.0,2,sale,dld
dxb-100166,2024-02-10,jumeirah,townhouse,2 br,152.2,5930532.0,2.0,2,mortgage,dld
dxb-100856,2026-05-15,dubai hills estate,townhouse,4 br,83.8,3084718.0,4.0,2,mortgage,dld
dxb-101158,2026-05-14,jumeirah village circle,apartment,2 br,113.7,1664328.0,2.0,3,mortgage,broker
dxb-101437,2025-04-25,mirdif,apartment,2 br,46.8,633402.0,2.0,2,sale,dld
dxb-100546,2025-09-17,palm jumeirah,apartment,3 br,111.1,2958540.0,3.0,3,sale,developer
dxb-100204,2026-07-25,jumeirah lake towers,apartment,2 br,197.6,2759981.0,2.0,0,mortgage,developer
dxb-101325,2025-11-27,dubai hills estate,penthouse,3 br,252.4,8946089.0,3.0,0,mortgage,dld
dxb-100709,2024-07-04,deira,apartment,studio,104.6,1075523.0,0.0,1,sale,dld
dxb-100605,2024-01-26,jumeirah village circle,townhouse,3 br,176.7,1529473.0,3.0,3,mortgage,dld
dxb-101373,2026-05-03,deira,townhouse,2 br,126.8,1183271.0,2.0,0,sale,dld
dxb-100186,2023-01-12,jumeirah,apartment,3 br,55.3,1599417.0,3.0,2,sale,broker
dxb-100777,2025-01-14,deira,apartment,3 br,142.4,1824254.0,3.0,3,sale,dld
dxb-101470,2025-04-27,palm jumeirah,hotel apartment,2 br,257.5,9315502.0,2.0,0,sale,dld
dxb-101282,2024-06-27,jumeirah village circle,apartment,3 br,234.8,3097668.0,3.0,0,sale,broker
dxb-100009,2023-09-14,deira,apartment,3 br,111.4,1291271.0,3.0,1,sale,dld
dxb-100010,2023-08-20,dubai hills estate,apartment,1 br,93.6,1694338.0,1.0,2,sale,dld
dxb-101116,2023-10-27,dubai marina,apartment,3 br,113.7,1915422.0,3.0,2,sale,dld
dxb-101308,2025-06-09,deira,apartment,1 br,68.9,1034328.0,1.0,2,sale,broker
dxb-100721,2024-11-09,dubai silicon oasis,apartment,3 br,154.9,2339484.0,3.0,1,sale,dld
dxb-100630,2025-01-05,palm jumeirah,hotel apartment,studio,100.1,3311598.0,0.0,1,sale,broker
dxb-100981,2025-02-09,downtown dubai,townhouse,2 br,32.1,1260307.0,2.0,3,mortgage,dld
dxb-100746,2024-05-02,palm jumeirah,apartment,2 br,114.9,3102965.0,2.0,3,sale,dld
dxb-100555,2024-08-03,palm jumeirah,apartment,3 br,115.5,3279499.0,3.0,0,mortgage,developer
dxb-100289,2024-08-18,jumeirah village circle,apartment,2 br,44.1,611293.0,2.0,3,sale,dld
dxb-100728,2025-09-27,dubai hills estate,apartment,studio,137.2,2100218.0,0.0,1,mortgage,dld
dxb-100427,2026-04-07,bur dubai,townhouse,3 br,106.6,823399.0,3.0,3,sale,dld
dxb-100561,2024-03-15,jumeirah village circle,apartment,2 br,242.9,3775857.0,2.0,2,sale,broker
dxb-100793,2026-08-20,international city,apartment,2 br,124.7,1249630.0,2.0,2,sale,developer
dxb-101102,2024-11-29,jumeirah village circle,townhouse,2 br,120.2,1260510.0,2.0,3,mortgage,dld
dxb-101436,2023-07-11,international city,apartment,studio,164.8,2454544.0,0.0,1,mortgage,dld
dxb-101057,2025-09-07,al barsha,apartment,1 br,128.5,1949251.0,1.0,1,sale,broker
dxb-100121,2026-07-05,mirdif,villa,6 br,85.8,1848145.0,6.0,1,mortgage,dld
dxb-100656,2023-07-23,al barsha,penthouse,4 br,114.8,2683845.0,4.0,3,mortgage,developer
dxb-101073,2024-11-13,mirdif,hotel apartment,2 br,92.3,1126072.0,2.0,3,sale,broker
dxb-100767,2025-08-12,jumeirah,apartment,2 br,106.9,2863827.0,2.0,2,sale,dld
dxb-100151,2025-08-23,business bay,penthouse,4 br,84.9,2197428.0,4.0,2,sale,broker
dxb-101384,2024-10-12,dubai hills estate,hotel apartment,studio,81.6,1997478.0,0.0,3,sale,developer
dxb-100112,2024-02-21,dubai marina,apartment,3 br,89.5,2024422.0,3.0,1,sale,broker
dxb-100833,2026-02-11,international city,villa,6 br,182.8,1297033.0,6.0,2,sale,developer
dxb-101105,2023-09-27,palm jumeirah,townhouse,2 br,75.1,2915617.0,2.0,1,sale,dld
dxb-100423,2026-07-20,dubai hills estate,apartment,2 br,78.1,1202327.0,2.0,2,mortgage,dld
dxb-100872,2025-11-10,deira,hotel apartment,1 br,25.9,474867.0,1.0,3,sale,dld
dxb-100914,2025-10-26,jumeirah,hotel apartment,studio,496.1,18342335.0,0.0,3,sale,dld
dxb-100918,2024-11-10,dubai marina,apartment,2 br,73.1,1766531.0,2.0,0,sale,dld
dxb-100130,2025-10-05,dubai hills estate,apartment,studio,120.8,2768511.0,0.0,1,sale,dld
dxb-100461,2025-07-17,mirdif,apartment,2 br,151.6,1544855.0,2.0,3,sale,dld
dxb-101033,2024-08-05,jumeirah lake towers,hotel apartment,1 br,63.6,1560044.0,1.0,3,sale,dld
dxb-100850,2023-04-01,jumeirah,apartment,studio,231.2,7149177.0,0.0,2,mortgage,broker
dxb-100133,2023-05-09,downtown dubai,apartment,studio,126.6,818547.0,0.0,0,sale,broker
dxb-100000,2025-08-02,jumeirah,townhouse,4 br,196.6,5693580.0,4.0,2,mortgage,broker
dxb-101381,2026-01-19,downtown dubai,apartment,3 br,108.2,3600677.0,3.0,3,sale,dld
dxb-101210,2023-07-10,jumeirah village circle,townhouse,2 br,89.2,2165738.5,2.0,2,sale,developer
dxb-101445,2025-01-14,Unknown,villa,3 br,84.8,4171707.0,3.0,0,mortgage,broker
dxb-101201,2024-08-06,jumeirah,villa,4 br,61.6,1781308.0,4.0,3,mortgage,dld
dxb-100699,2023-01-31,Unknown,apartment,3 br,76.8,1941676.0,3.0,0,sale,dld
dxb-101042,2026-04-15,jumeirah,villa,4 br,129.4,2755141.0,4.0,2,sale,dld
dxb-100986,2025-10-04,jumeirah lake towers,apartment,studio,136.6,1800264.0,0.0,2,mortgage,broker
dxb-101375,2025-06-26,dubai silicon oasis,apartment,studio,132.3,1473548.0,0.0,2,sale,developer
dxb-101307,2025-02-12,jumeirah,villa,6 br,111.8,2952783.0,6.0,3,sale,broker
dxb-100411,2023-12-26,mirdif,villa,5 br,49.0,722407.0,5.0,0,mortgage,dld
dxb-100322,2026-01-10,jumeirah,apartment,3 br,132.7,2835035.0,3.0,3,mortgage,broker
dxb-100001,2025-04-18,arabian ranches,apartment,2 br,72.6,2316152.0,2.0,0,sale,broker
dxb-100111,2025-05-08,jumeirah,apartment,1 br,122.8,3531442.0,1.0,2,sale,dld
dxb-100435,2026-08-19,international city,apartment,2 br,129.9,1978355.0,2.0,0,sale,dld
dxb-100452,2026-02-03,palm jumeirah,villa,6 br,139.0,4727554.0,6.0,2,mortgage,broker
dxb-100038,2025-08-30,jlt,apartment,3 br,106.8,1639937.0,3.0,3,sale,dld
dxb-100183,2024-09-08,dubai marina,apartment,studio,76.2,509058.0,0.0,2,sale,dld
dxb-101474,2023-05-20,deira,apartment,3 br,114.1,1153431.0,3.0,0,sale,developer
dxb-100879,2024-09-20,dubai marina,villa,5 br,82.3,2391405.0,5.0,0,sale,dld
dxb-100217,2023-09-23,palm jumeirah,apartment,3 br,127.6,3157910.0,3.0,2,sale,dld
dxb-100998,2023-11-02,arabian ranches,hotel apartment,2 br,166.6,2330081.5,2.0,2,mortgage,dld
dxb-101088,2025-02-19,mirdif,apartment,3 br,134.2,2017641.0,3.0,1,sale,dld
dxb-100854,2024-12-14,al barsha,apartment,3 br,112.6,1474989.0,3.0,1,sale,dld
dxb-100306,2024-09-20,jumeirah lake towers,apartment,1 br,58.4,1090583.0,1.0,0,sale,dld
dxb-100729,2024-10-24,international city,apartment,1 br,86.8,1206546.0,1.0,2,sale,developer
dxb-100440,2024-02-28,mirdif,penthouse,4 br,79.7,976447.0,4.0,0,mortgage,developer
dxb-101030,2025-09-23,dubai silicon oasis,villa,5 br,85.6,1231106.0,5.0,1,sale,dld
dxb-100549,2025-10-31,international city,apartment,3 br,187.9,1064254.0,3.0,1,sale,broker
dxb-100313,2025-12-31,business bay,apartment,2 br,69.1,1699713.0,2.0,1,sale,dld
dxb-100969,2024-08-28,international city,apartment,1 br,47.6,315327.0,1.0,1,sale,dld
dxb-101150,2025-02-17,jumeirah lake towers,apartment,3 br,89.7,1248254.0,3.0,1,mortgage,broker
dxb-100700,2024-01-15,jumeirah village circle,apartment,1 br,110.4,947247.0,1.0,1,sale,dld
dxb-100331,2023-08-26,deira,apartment,studio,84.0,1279034.0,0.0,1,mortgage,dld
dxb-100036,2023-08-24,deira,apartment,studio,108.0,1005507.0,0.0,1,sale,dld
dxb-100110,2024-03-21,dubai silicon oasis,apartment,studio,83.9,824535.0,0.0,3,sale,broker
dxb-101064,2024-12-31,jumeirah,apartment,studio,96.0,2776008.0,0.0,0,sale,dld
dxb-101141,2023-04-07,deira,townhouse,2 br,56.3,886136.0,2.0,1,sale,dld
dxb-100915,2023-03-09,downtown dubai,hotel apartment,studio,177.1,6009038.0,0.0,0,mortgage,dld
dxb-101218,2024-03-02,al barsha,villa,3 br,244.7,2928715.0,3.0,1,sale,dld
dxb-100926,2026-05-25,al barsha,apartment,3 br,136.6,2138881.0,3.0,3,sale,dld
dxb-100745,2025-07-04,mirdif,apartment,studio,75.4,551914.0,0.0,2,sale,developer
dxb-100614,2024-08-01,jumeirah,apartment,studio,195.8,3639810.0,0.0,3,sale,dld
dxb-100775,2023-12-23,jumeirah village circle,penthouse,2 br,107.0,1737798.0,2.0,2,mortgage,broker
dxb-101014,2023-11-18,Unknown,apartment,2 br,37.2,697099.0,2.0,1,sale,broker
dxb-100713,2023-05-27,business bay,hotel apartment,1 br,105.2,60000000.0,1.0,2,sale,developer
dxb-100577,2026-03-09,Unknown,villa,3 br,145.6,2341519.0,3.0,3,mortgage,broker
dxb-100163,2023-02-27,jumeirah lake towers,apartment,1 br,228.3,3926897.0,1.0,3,sale,developer
dxb-100263,2024-01-24,deira,apartment,studio,53.7,740785.0,0.0,2,sale,dld
dxb-100231,2023-07-02,business bay,apartment,2 br,77.1,2601714.0,2.0,1,sale,developer
dxb-100302,2023-07-27,international city,apartment,studio,148.4,1467805.0,0.0,3,mortgage,dld
dxb-101492,2024-03-05,arabian ranches,villa,6 br,164.0,3098957.0,6.0,2,sale,dld
dxb-100927,2025-09-21,jumeirah village circle,penthouse,2 br,107.0,934945.0,2.0,0,sale,dld
dxb-100175,2025-02-02,dubai silicon oasis,apartment,1 br,54.0,500353.0,1.0,2,sale,dld
dxb-101146,2023-08-20,palm jumeirah,townhouse,4 br,83.1,3552504.0,4.0,0,mortgage,broker
dxb-100149,2025-12-13,downtown dubai,apartment,1 br,124.7,3608491.0,1.0,1,sale,broker
dxb-101461,2024-12-05,dubai hills estate,apartment,2 br,58.0,1418446.0,2.0,1,sale,broker
dxb-101206,2023-05-15,bur dubai,villa,4 br,130.1,2099034.0,4.0,3,mortgage,dld
dxb-100071,2024-05-27,al barsha,apartment,studio,95.0,1269275.0,0.0,3,sale,dld
dxb-100168,2023-07-23,deira,apartment,2 br,107.0,975901.0,2.0,1,mortgage,dld
dxb-100455,2023-08-05,deira,apartment,studio,46.9,525154.0,0.0,1,sale,dld
dxb-100089,2023-03-16,al barsha,apartment,1 br,137.1,2144460.0,1.0,2,sale,dld
dxb-100117,2024-03-16,international city,villa,5 br,190.1,2702631.0,5.0,3,sale,dld
dxb-100487,2025-03-14,mirdif,apartment,3 br,110.4,1310070.0,3.0,2,mortgage,dld
dxb-100321,2024-07-17,jvc,apartment,2 br,89.7,1821374.0,2.0,2,sale,developer
dxb-101335,2023-01-12,palm jumeirah,penthouse,4 br,207.9,8854875.0,4.0,0,sale,dld
dxb-101423,2025-08-21,palm jumeirah,apartment,3 br,114.1,1941676.0,3.0,3,sale,broker
dxb-100459,2023-04-29,dubai hills estate,villa,6 br,71.0,1437409.0,6.0,1,mortgage,dld
dxb-101487,2026-07-21,business bay,apartment,2 br,207.7,4038743.0,2.0,3,mortgage,dld
dxb-101469,2023-08-13,jumeirah,apartment,studio,75.4,1823063.0,0.0,3,sale,broker
dxb-101166,2023-12-02,palm jumeirah,townhouse,2 br,97.4,3037592.0,2.0,2,sale,dld
dxb-100241,2025-11-21,business bay,townhouse,3 br,168.6,3916890.0,3.0,2,sale,dld
dxb-100698,2026-05-08,jumeirah lake towers,villa,5 br,211.6,4612842.0,5.0,0,sale,broker
dxb-100841,2024-08-14,al barsha,townhouse,3 br,200.3,2843946.0,3.0,3,mortgage,dld
dxb-100913,2025-08-01,dubai silicon oasis,hotel apartment,2 br,104.4,1027837.0,2.0,0,sale,dld
dxb-101087,2023-12-24,bur dubai,townhouse,4 br,122.4,1839881.0,4.0,3,mortgage,dld
dxb-100702,2023-11-07,business bay,apartment,3 br,54.1,1029361.0,3.0,3,mortgage,broker
dxb-101143,2023-02-04,palm jumeirah,townhouse,4 br,26.1,977877.0,4.0,1,sale,broker
dxb-100584,2024-05-28,jumeirah,hotel apartment,1 br,106.4,2526251.0,1.0,3,sale,dld
dxb-100979,2025-07-13,jumeirah village circle,apartment,2 br,84.6,1028909.0,2.0,0,sale,dld
dxb-100692,2025-07-19,jumeirah village circle,apartment,1 br,334.3,6432230.0,1.0,0,mortgage,broker
dxb-100270,2024-10-17,jumeirah village circle,apartment,1 br,201.8,3023356.0,1.0,1,sale,dld
dxb-100595,2025-07-31,jumeirah lake towers,apartment,studio,47.1,1073734.0,0.0,3,sale,developer
dxb-100785,2026-07-01,dubai silicon oasis,apartment,2 br,141.2,2234457.0,2.0,1,mortgage,dld
dxb-100496,2025-03-25,downtown dubai,apartment,2 br,170.0,5995875.0,2.0,0,sale,dld
dxb-100220,2023-01-30,arabian ranches,apartment,2 br,107.0,1958325.0,2.0,0,sale,dld
dxb-101340,2024-05-06,dubai marina,apartment,3 br,303.2,8715772.0,3.0,3,sale,dld
dxb-100877,2023-07-20,business bay,apartment,1 br,127.4,1989452.0,1.0,2,mortgage,dld
dxb-100920,2024-09-14,mirdif,apartment,3 br,90.8,933481.0,3.0,1,sale,dld
dxb-101084,2026-06-13,al barsha,hotel apartment,1 br,187.2,4442503.0,1.0,1,sale,dld
dxb-100984,2025-04-12,deira,apartment,2 br,76.8,1113880.0,2.0,0,sale,developer
dxb-101155,2024-12-04,jumeirah village circle,apartment,studio,86.3,1154886.0,0.0,2,sale,broker
dxb-100312,2026-07-13,bur dubai,apartment,2 br,132.3,1721553.0,2.0,2,sale,dld
dxb-101412,2025-02-15,dubai hills estate,townhouse,4 br,133.9,4042278.0,4.0,0,sale,developer
dxb-100507,2023-12-01,deira,townhouse,4 br,327.1,4390739.0,4.0,3,sale,broker
dxb-100393,2025-03-05,jumeirah village circle,villa,3 br,151.7,2172193.0,3.0,1,sale,dld
dxb-100409,2025-10-27,al barsha,hotel apartment,1 br,278.1,2997129.0,1.0,0,sale,dld
dxb-100677,2024-12-16,jumeirah,apartment,1 br,156.8,3765651.0,1.0,3,mortgage,dld
dxb-101434,2025-06-05,dubai silicon oasis,apartment,3 br,99.6,1718314.0,3.0,1,sale,dld
dxb-100328,2026-07-17,dubai hills estate,villa,6 br,60.3,2888854.0,6.0,3,mortgage,broker
dxb-101036,2026-08-14,arabian ranches,apartment,studio,62.2,1654066.0,0.0,1,sale,dld
dxb-100085,2026-03-01,dubai hills estate,apartment,2 br,135.4,3052579.0,2.0,2,mortgage,developer
dxb-100083,2023-06-26,business bay,apartment,2 br,77.7,1933734.0,2.0,0,sale,dld
dxb-100206,2026-08-22,Unknown,apartment,1 br,325.3,3577761.0,1.0,0,sale,dld
dxb-100103,2023-01-08,palm jumeirah,hotel apartment,2 br,118.7,3203888.0,2.0,1,mortgage,dld
dxb-100734,2025-12-08,jumeirah lake towers,apartment,1 br,60.0,822303.0,1.0,0,mortgage,dld
dxb-100694,2024-07-07,Unknown,hotel apartment,1 br,66.1,2330250.0,1.0,0,sale,dld
dxb-100497,2025-03-11,al barsha,villa,6 br,45.5,992537.0,6.0,3,sale,broker
dxb-100327,2025-01-27,business bay,apartment,2 br,116.6,2521733.0,2.0,0,sale,dld
dxb-101497,2025-02-08,dubai hills estate,villa,6 br,106.8,3379181.0,6.0,0,sale,dld
dxb-100660,2025-05-01,dubai silicon oasis,apartment,1 br,105.2,1822939.0,1.0,1,mortgage,dld
dxb-100346,2023-11-16,international city,hotel apartment,2 br,88.2,950476.0,2.0,2,mortgage,dld
dxb-100210,2026-07-27,mirdif,villa,4 br,126.5,1876409.0,4.0,1,sale,developer
dxb-100567,2024-09-24,jumeirah village circle,apartment,studio,96.2,1263547.0,0.0,0,sale,dld
dxb-100142,2025-09-06,palm jumeirah,hotel apartment,2 br,68.6,2618048.0,2.0,2,mortgage,broker
dxb-100514,2024-09-14,business bay,apartment,2 br,188.3,4243233.0,2.0,3,sale,broker
dxb-101028,2025-06-22,arabian ranches,townhouse,2 br,229.8,5001926.0,2.0,0,sale,broker
dxb-100864,2025-06-30,international city,apartment,1 br,61.5,602444.0,1.0,3,mortgage,developer
dxb-100891,2024-08-23,bur dubai,hotel apartment,studio,91.7,1218776.0,0.0,3,sale,dld
dxb-100814,2025-11-28,dubai hills estate,apartment,1 br,180.4,5539415.0,1.0,2,sale,dld
dxb-101261,2023-08-12,business bay,apartment,studio,222.0,5352389.0,0.0,2,mortgage,developer
dxb-100563,2026-06-16,jumeirah,villa,5 br,190.9,5057535.0,5.0,2,sale,dld
dxb-101081,2024-07-05,jlt,hotel apartment,2 br,120.8,2214688.0,2.0,0,sale,broker
dxb-100371,2023-07-05,business bay,apartment,3 br,601.1,11005832.0,3.0,3,sale,dld
dxb-101011,2025-03-16,bur dubai,villa,6 br,217.1,3943436.0,6.0,3,sale,broker
dxb-100890,2023-11-20,dubai silicon oasis,apartment,studio,97.9,1002185.0,0.0,2,sale,dld
dxb-101240,2025-08-30,dubai hills estate,penthouse,4 br,72.9,2209771.0,4.0,3,mortgage,dld
dxb-100683,2023-09-29,dubai silicon oasis,apartment,3 br,211.7,3294632.0,3.0,0,sale,dld
dxb-100632,2026-08-12,dubai marina,apartment,1 br,276.5,6778213.0,1.0,0,sale,broker
dxb-100194,2025-11-16,jumeirah,apartment,2 br,138.0,4161891.0,2.0,1,sale,dld
dxb-100513,2024-11-12,jumeirah village circle,apartment,3 br,87.2,1648216.0,3.0,3,sale,dld
dxb-100209,2023-02-19,business bay,apartment,1 br,110.4,2450102.0,1.0,0,mortgage,dld
dxb-101000,2023-09-23,jumeirah lake towers,apartment,3 br,201.3,4773605.0,3.0,0,sale,dld
dxb-100635,2023-06-28,al barsha,apartment,studio,144.0,1937979.0,0.0,0,mortgage,dld
dxb-100087,2023-01-01,jumeirah village circle,apartment,1 br,56.0,578624.0,1.0,2,mortgage,dld
dxb-101186,2026-04-02,business bay,apartment,3 br,73.4,1698926.0,3.0,0,sale,dld
dxb-100909,2024-01-02,bur dubai,apartment,2 br,129.4,1631863.0,2.0,2,mortgage,developer
dxb-100190,2024-06-13,dubai marina,hotel apartment,studio,148.5,4371871.0,0.0,0,mortgage,dld
dxb-100178,2026-02-10,business bay,penthouse,3 br,214.5,8977797.0,3.0,3,sale,broker
dxb-100556,2025-11-12,arabian ranches,apartment,3 br,96.5,2515481.0,3.0,3,mortgage,dld
dxb-101139,2023-05-14,al barsha,villa,6 br,100.7,1142596.0,6.0,3,sale,dld
dxb-101179,2025-08-16,palm jumeirah,apartment,studio,77.2,2074139.0,0.0,3,sale,dld
dxb-100744,2023-01-13,business bay,apartment,1 br,153.8,4292783.0,1.0,1,sale,broker
dxb-101111,2023-03-22,al barsha,apartment,studio,64.8,1032659.0,0.0,1,sale,dld
dxb-100511,2026-07-06,dubai silicon oasis,townhouse,2 br,202.0,2638018.0,2.0,3,sale,dld
dxb-101262,2024-08-04,jumeirah lake towers,apartment,studio,69.1,2024645.0,0.0,2,sale,dld
dxb-100471,2026-02-06,jumeirah,apartment,1 br,47.8,1838833.0,1.0,0,mortgage,broker
dxb-100398,2024-06-11,dubai marina,apartment,3 br,107.9,1245857.0,3.0,0,mortgage,dld
dxb-100035,2025-03-23,mirdif,apartment,2 br,336.1,6998410.0,2.0,1,mortgage,dld
dxb-100205,2024-05-12,arabian ranches,apartment,studio,147.8,2815879.0,0.0,1,sale,developer
dxb-100608,2024-11-17,international city,townhouse,2 br,133.4,1100931.0,2.0,3,sale,dld
dxb-101306,2023-04-07,jumeirah,villa,4 br,156.4,5818031.0,4.0,1,sale,dld
dxb-101124,2024-03-13,jumeirah,apartment,studio,162.8,4608942.0,0.0,1,sale,broker
dxb-101067,2023-01-14,palm jumeirah,villa,4 br,126.4,4129169.0,4.0,2,sale,dld
dxb-100429,2025-08-21,jumeirah lake towers,townhouse,2 br,123.8,2866046.0,2.0,2,sale,dld
dxb-101252,2024-10-04,mirdif,apartment,studio,135.8,997056.0,0.0,1,sale,dld
dxb-100228,2023-03-06,jumeirah,villa,3 br,148.5,3917711.0,3.0,1,sale,dld
dxb-101003,2025-10-11,palm jumeirah,apartment,2 br,107.0,5876243.0,2.0,1,sale,broker
dxb-101029,2023-12-07,palm jumeirah,apartment,studio,146.1,3475499.0,0.0,2,sale,dld
dxb-101482,2025-02-23,deira,villa,6 br,68.3,2952783.0,6.0,2,sale,broker
dxb-100727,2025-02-08,al barsha,apartment,3 br,110.9,1772667.0,3.0,2,sale,broker
dxb-100318,2023-05-10,business bay,apartment,2 br,107.3,2360109.0,2.0,3,sale,broker
dxb-100629,2023-07-02,deira,townhouse,3 br,55.1,511674.0,3.0,1,sale,dld
dxb-100925,2024-11-08,dubai silicon oasis,apartment,studio,87.8,1015767.0,0.0,2,mortgage,broker
dxb-100893,2023-03-01,business bay,apartment,3 br,175.9,5482258.0,3.0,0,sale,dld
dxb-101019,2023-12-11,arabian ranches,apartment,2 br,106.0,3295746.0,2.0,3,mortgage,broker
dxb-101401,2024-06-12,downtown dubai,apartment,studio,151.0,4028659.0,0.0,3,mortgage,dld
dxb-100034,2023-06-27,downtown dubai,apartment,studio,75.6,1943171.0,0.0,0,mortgage,developer
dxb-100075,2026-06-28,jumeirah,apartment,3 br,94.8,1841242.0,3.0,1,sale,dld
dxb-100173,2024-04-01,dubai hills estate,hotel apartment,2 br,166.8,3219786.0,2.0,2,mortgage,broker
dxb-101075,2023-05-30,dubai marina,apartment,2 br,69.3,1625952.0,2.0,3,mortgage,developer
dxb-101219,2024-04-17,jumeirah village circle,apartment,1 br,135.2,2266996.0,1.0,1,sale,broker
dxb-101348,2023-09-07,jumeirah,apartment,2 br,27.2,421984.0,2.0,0,sale,dld
dxb-101446,2026-06-28,jumeirah lake towers,hotel apartment,studio,53.1,1397720.0,0.0,2,mortgage,dld
dxb-100747,2025-10-15,mirdif,apartment,3 br,77.6,837482.0,3.0,2,mortgage,dld
dxb-101404,2023-09-28,business bay,apartment,studio,84.9,1418826.0,0.0,2,sale,developer
dxb-100508,2024-08-26,dubai marina,apartment,2 br,112.8,2207032.0,2.0,3,sale,broker
dxb-100710,2025-03-04,dubai hills estate,hotel apartment,studio,77.0,2565890.0,0.0,3,sale,dld
dxb-100387,2023-02-07,jumeirah,hotel apartment,1 br,45.4,1090114.0,1.0,2,sale,dld
dxb-101117,2025-11-27,downtown dubai,townhouse,2 br,179.3,6196250.0,2.0,0,sale,dld
dxb-101486,2023-02-03,dubai silicon oasis,hotel apartment,2 br,232.1,3009757.0,2.0,1,sale,broker
dxb-100751,2024-01-17,jumeirah,apartment,1 br,61.7,1136111.0,1.0,1,sale,dld
dxb-100911,2026-08-21,mirdif,penthouse,3 br,115.3,1976742.0,3.0,0,sale,broker
dxb-100148,2025-10-23,mirdif,apartment,1 br,59.7,928682.0,1.0,1,mortgage,dld
dxb-100753,2024-10-19,jumeirah lake towers,apartment,2 br,107.0,1230253.0,2.0,0,sale,dld
dxb-100402,2025-05-30,jumeirah village circle,townhouse,3 br,94.2,1133819.0,3.0,0,mortgage,dld
dxb-100340,2023-12-09,dubai silicon oasis,apartment,3 br,89.3,1346536.0,3.0,3,mortgage,dld
dxb-101251,2025-04-14,dubai hills estate,apartment,studio,108.2,1976096.0,0.0,1,mortgage,dld
dxb-100987,2026-04-17,downtown dubai,apartment,3 br,131.3,4526845.0,3.0,1,sale,dld
dxb-100200,2024-12-05,bur dubai,townhouse,4 br,78.0,707285.0,4.0,1,sale,developer
dxb-101115,2025-02-14,al barsha,apartment,2 br,99.7,1751415.0,2.0,0,sale,dld
dxb-100732,2025-04-19,palm jumeirah,apartment,1 br,46.1,1232764.0,1.0,2,sale,dld
dxb-100540,2026-07-18,jumeirah,hotel apartment,1 br,148.8,1276872.0,1.0,2,sale,dld
dxb-100691,2024-12-07,international city,penthouse,4 br,106.2,1238232.0,4.0,2,sale,broker
dxb-100609,2025-08-02,arabian ranches,apartment,1 br,101.0,2386711.0,1.0,1,mortgage,dld
dxb-101498,2024-05-12,business bay,apartment,3 br,44.2,756636.0,3.0,3,mortgage,broker
dxb-100955,2023-04-16,mirdif,penthouse,2 br,95.2,1278111.0,2.0,1,sale,broker
dxb-100280,2025-06-09,Unknown,apartment,3 br,62.6,1361050.0,3.0,0,sale,developer
dxb-100410,2025-07-21,downtown dubai,villa,6 br,169.0,3878135.0,6.0,2,mortgage,dld
dxb-101195,2024-08-05,al barsha,apartment,studio,97.7,1849441.0,0.0,1,mortgage,developer
dxb-101299,2024-06-05,downtown dubai,apartment,1 br,64.8,2427469.0,1.0,2,sale,broker
dxb-101187,2026-02-05,business bay,hotel apartment,studio,77.1,2816006.0,0.0,0,sale,dld
dxb-100687,2025-07-14,mirdif,hotel apartment,studio,131.7,1922294.0,0.0,0,mortgage,dld
dxb-100335,2025-11-26,business bay,villa,5 br,92.6,1378756.0,5.0,2,sale,dld
dxb-100642,2024-09-12,Unknown,apartment,2 br,38.7,478312.0,2.0,1,sale,broker
dxb-100314,2026-01-02,palm jumeirah,apartment,2 br,52.3,1173345.0,2.0,1,sale,dld
dxb-100782,2026-02-25,downtown dubai,apartment,3 br,68.5,1570012.0,3.0,3,mortgage,dld
dxb-101193,2024-11-13,dubai marina,hotel apartment,studio,191.6,5124163.0,0.0,1,sale,dld
dxb-101455,2024-05-23,downtown dubai,apartment,2 br,44.9,1533691.0,2.0,0,mortgage,dld
dxb-101451,2025-06-08,business bay,villa,6 br,163.6,4656377.0,6.0,2,mortgage,broker
dxb-101320,2023-07-08,international city,apartment,2 br,40.0,509701.0,2.0,1,sale,dld
dxb-100092,2023-06-27,arabian ranches,apartment,studio,110.8,1682881.0,0.0,1,sale,dld
dxb-100834,2025-02-16,jumeirah village circle,villa,5 br,140.5,1132346.0,5.0,2,sale,dld
dxb-100592,2024-02-22,mirdif,apartment,studio,260.5,1161231.0,0.0,1,sale,developer
dxb-101485,2023-06-15,dubai hills estate,apartment,1 br,134.5,3637610.0,1.0,3,mortgage,dld
dxb-100394,2026-01-02,dubai hills estate,apartment,1 br,113.9,2597863.0,1.0,3,sale,broker
dxb-101311,2024-12-27,deira,hotel apartment,1 br,124.2,1773695.0,1.0,3,sale,dld
dxb-101069,2025-08-15,downtown dubai,apartment,studio,127.8,2593400.0,0.0,1,sale,developer
dxb-100575,2023-06-22,arabian ranches,apartment,1 br,148.4,2552102.0,1.0,2,sale,broker
dxb-100573,2024-11-27,jumeirah lake towers,townhouse,4 br,99.5,1159311.0,4.0,2,sale,dld
dxb-101399,2024-05-30,international city,apartment,3 br,254.9,2651148.0,3.0,0,sale,dld
dxb-100735,2025-12-24,business bay,villa,6 br,42.4,1265784.0,6.0,1,sale,dld
dxb-101354,2025-03-14,al barsha,penthouse,3 br,75.6,1276371.0,3.0,1,sale,dld
dxb-100279,2023-07-28,arabian ranches,penthouse,2 br,161.9,6030403.0,2.0,2,mortgage,dld
dxb-100337,2023-08-12,dubai marina,villa,3 br,199.3,5414739.0,3.0,3,mortgage,developer
dxb-100227,2025-03-29,dubai hills estate,villa,6 br,106.9,1775389.0,6.0,1,sale,dld
dxb-100008,2023-04-02,international city,apartment,1 br,220.5,1005112.0,1.0,3,sale,dld
dxb-101109,2025-06-25,jumeirah lake towers,apartment,studio,108.1,2350755.0,0.0,1,sale,dld
dxb-101312,2025-10-15,dubai hills estate,villa,4 br,108.3,3683539.0,4.0,0,mortgage,dld
dxb-101191,2024-03-05,dubai hills estate,apartment,2 br,165.8,3540532.0,2.0,0,mortgage,dld
dxb-100068,2025-04-05,jumeirah village circle,apartment,1 br,160.5,2865003.0,1.0,1,sale,dld
dxb-101388,2023-02-22,dubai hills estate,hotel apartment,1 br,116.2,2036111.0,1.0,3,sale,dld
dxb-101120,2024-10-17,arabian ranches,villa,3 br,81.6,1706259.0,3.0,1,sale,dld
dxb-101145,2026-05-12,jumeirah lake towers,apartment,studio,88.4,1317489.0,0.0,3,sale,broker
dxb-101180,2025-11-23,international city,townhouse,2 br,148.5,2103564.0,2.0,1,sale,developer
dxb-101322,2026-05-12,palm jumeirah,apartment,3 br,188.6,6475103.0,3.0,3,sale,developer
dxb-101211,2026-04-03,arabian ranches,townhouse,4 br,240.1,6983242.0,4.0,2,sale,developer
dxb-100024,2026-02-12,dubai hills estate,townhouse,4 br,117.0,2785396.0,4.0,1,mortgage,dld
dxb-100470,2024-03-09,business bay,apartment,3 br,196.1,4244909.0,3.0,3,sale,broker
dxb-100557,2024-01-02,dubai hills estate,apartment,3 br,56.4,835891.0,3.0,1,mortgage,dld
dxb-100293,2025-01-26,jumeirah lake towers,apartment,1 br,66.5,1155819.0,1.0,0,sale,broker
dxb-100772,2024-03-20,al barsha,villa,3 br,96.8,1697457.0,3.0,3,sale,dld
dxb-101441,2025-10-31,dubai hills estate,apartment,1 br,178.0,2941932.0,1.0,2,sale,broker
dxb-101188,2023-01-15,dubai marina,apartment,3 br,164.5,3876834.0,3.0,0,sale,dld
dxb-101022,2023-02-11,dubai silicon oasis,hotel apartment,2 br,110.5,583688.0,2.0,3,sale,dld
dxb-100120,2024-01-01,international city,villa,5 br,105.5,1308723.0,5.0,3,sale,dld
dxb-100905,2024-11-17,Unknown,villa,4 br,92.3,2885477.0,4.0,2,sale,dld
dxb-100510,2023-04-18,mirdif,apartment,3 br,89.5,940431.0,3.0,1,mortgage,dld
dxb-100179,2025-05-23,jvc,townhouse,2 br,267.4,3525456.0,2.0,3,mortgage,dld
dxb-101093,2023-01-04,palm jumeirah,apartment,2 br,107.0,2785927.0,2.0,2,mortgage,dld
dxb-101183,2024-09-30,deira,apartment,1 br,204.3,2326243.0,1.0,3,sale,developer
dxb-100815,2025-09-11,downtown dubai,penthouse,3 br,73.7,3001368.0,3.0,1,sale,dld
dxb-101472,2023-04-16,al barsha,apartment,1 br,221.1,3367167.0,1.0,0,mortgage,dld
dxb-100863,2023-03-04,international city,villa,6 br,112.45,409153.0,6.0,3,sale,broker
dxb-101082,2023-08-31,jumeirah,hotel apartment,2 br,103.3,2527955.0,2.0,3,sale,dld
dxb-101331,2024-04-29,jumeirah lake towers,apartment,studio,76.0,1311637.0,0.0,3,mortgage,broker
dxb-100380,2023-09-05,deira,villa,4 br,118.6,1579900.0,4.0,2,sale,dld
dxb-100604,2023-12-04,Unknown,hotel apartment,studio,91.4,975298.0,0.0,3,sale,dld
dxb-101246,2025-02-05,jumeirah lake towers,villa,4 br,71.4,1881525.0,4.0,1,sale,dld
dxb-101327,2024-03-20,palm jumeirah,villa,5 br,129.1,7709947.0,5.0,0,sale,dld
dxb-100550,2025-04-13,palm jumeirah,apartment,1 br,226.0,10801529.0,1.0,3,sale,dld
dxb-101171,2026-03-29,business bay,townhouse,3 br,90.6,1925889.0,3.0,2,mortgage,dld
dxb-100251,2024-10-29,jumeirah,penthouse,2 br,160.7,4579823.0,2.0,3,sale,dld
dxb-101410,2023-04-01,downtown dubai,townhouse,2 br,84.2,2762471.0,2.0,3,sale,dld
dxb-100212,2024-06-03,dubai hills estate,apartment,3 br,134.9,2593461.0,3.0,3,sale,dld
dxb-101298,2023-02-08,dubai marina,villa,5 br,162.0,4225615.0,5.0,1,sale,broker
dxb-100330,2023-01-30,international city,townhouse,3 br,266.8,3887151.0,3.0,0,sale,dld
dxb-100432,2026-02-20,business bay,villa,6 br,54.3,1320568.0,6.0,1,mortgage,broker
dxb-100276,2026-04-24,downtown dubai,apartment,1 br,81.3,2581137.0,1.0,2,sale,dld
dxb-101353,2025-11-06,palm jumeirah,apartment,2 br,107.0,2726222.0,2.0,0,sale,dld
dxb-100291,2023-10-17,palm jumeirah,apartment,3 br,126.5,4351794.0,3.0,1,sale,broker
dxb-100901,2024-02-10,mirdif,apartment,2 br,241.6,3994129.0,2.0,1,sale,broker
dxb-100448,2025-12-29,international city,apartment,1 br,131.5,1390376.0,1.0,3,sale,dld
dxb-101273,2024-02-21,jumeirah lake towers,villa,3 br,110.5,3009841.0,3.0,0,mortgage,broker
dxb-101323,2025-03-10,business bay,townhouse,2 br,42.3,724518.0,2.0,0,sale,broker
dxb-100303,2024-02-22,jumeirah lake towers,apartment,3 br,201.0,3057029.0,3.0,0,mortgage,dld
dxb-101302,2023-12-02,jvc,townhouse,3 br,152.9,1206770.0,3.0,1,sale,dld
dxb-101424,2025-08-13,jumeirah lake towers,apartment,3 br,90.1,1693802.0,3.0,0,mortgage,dld
dxb-100940,2026-07-15,dubai silicon oasis,apartment,2 br,56.5,618003.0,2.0,2,mortgage,dld
dxb-100067,2025-03-14,arabian ranches,apartment,2 br,107.0,2963842.0,2.0,0,sale,broker
dxb-100019,2025-12-07,jumeirah,villa,4 br,93.5,1799034.0,4.0,0,mortgage,dld
dxb-100324,2023-04-25,palm jumeirah,townhouse,3 br,271.6,11213425.0,3.0,0,sale,broker
dxb-101392,2026-04-10,dubai marina,apartment,studio,86.2,2185653.0,0.0,0,mortgage,dld
dxb-100054,2023-12-28,jumeirah,villa,5 br,263.0,5620233.0,5.0,1,sale,dld
dxb-100963,2023-07-13,dubai hills estate,apartment,1 br,51.8,1396398.0,1.0,3,sale,dld
dxb-100931,2023-11-27,downtown dubai,apartment,studio,42.8,1281204.0,0.0,1,sale,developer
dxb-101428,2024-04-13,Unknown,townhouse,2 br,132.5,4562591.0,2.0,1,sale,broker
dxb-100150,2024-01-23,arabian ranches,townhouse,3 br,82.5,2473625.0,3.0,3,sale,developer
dxb-101263,2024-12-12,jumeirah,hotel apartment,studio,128.5,2323734.0,0.0,3,sale,broker
dxb-101121,2023-06-13,mirdif,apartment,studio,150.6,1867394.0,0.0,2,sale,broker
dxb-101352,2023-02-08,dubai silicon oasis,apartment,1 br,278.9,5213151.0,1.0,2,sale,dld
dxb-101130,2025-08-06,dubai marina,hotel apartment,1 br,77.8,1264775.0,1.0,0,sale,dld
dxb-100743,2024-09-19,palm jumeirah,apartment,3 br,61.8,3061362.0,3.0,3,sale,developer
dxb-100749,2024-01-31,bur dubai,townhouse,3 br,118.5,1499998.0,3.0,1,sale,dld
dxb-100755,2024-01-02,jlt,apartment,1 br,466.2,9053885.0,1.0,3,sale,dld
dxb-101048,2025-01-06,dubai hills estate,penthouse,2 br,95.5,2715629.0,2.0,0,sale,dld
dxb-100811,2024-09-14,palm jumeirah,apartment,3 br,512.8,20996670.0,3.0,0,sale,broker
dxb-100661,2026-07-12,al barsha,penthouse,2 br,89.4,2204096.0,2.0,3,sale,dld
dxb-101391,2025-02-19,deira,townhouse,3 br,65.8,426331.0,3.0,1,sale,dld
dxb-101106,2024-05-18,downtown dubai,apartment,1 br,99.9,1942539.0,1.0,1,mortgage,dld
dxb-100255,2023-09-07,jumeirah village circle,townhouse,3 br,90.3,1266305.0,3.0,2,sale,dld
dxb-100934,2025-08-17,jumeirah village circle,townhouse,3 br,274.6,5884674.0,3.0,3,sale,broker
dxb-100869,2025-11-18,arabian ranches,apartment,1 br,97.4,2623638.0,1.0,3,sale,dld
dxb-101405,2024-04-20,bur dubai,apartment,studio,111.7,1355362.0,0.0,1,sale,dld
dxb-100892,2024-04-22,palm jumeirah,apartment,3 br,95.5,4353426.0,3.0,1,sale,dld
dxb-100873,2023-08-29,al barsha,apartment,studio,69.6,1165467.0,0.0,2,mortgage,dld
dxb-100613,2025-05-31,downtown dubai,hotel apartment,studio,265.9,9822433.0,0.0,0,mortgage,dld
dxb-101100,2026-08-18,downtown dubai,apartment,1 br,152.5,4431800.0,1.0,0,mortgage,dld
dxb-100388,2025-12-26,jlt,apartment,1 br,92.6,1455978.0,1.0,2,sale,developer
dxb-100936,2025-06-13,al barsha,hotel apartment,1 br,149.8,3788444.0,1.0,2,sale,dld
dxb-100406,2024-07-19,dubai hills estate,apartment,1 br,44.9,1201156.0,1.0,3,mortgage,developer
dxb-100794,2025-07-01,bur dubai,apartment,3 br,155.7,1774599.0,3.0,3,sale,dld
dxb-100715,2026-05-12,jlt,apartment,studio,233.2,4409848.0,0.0,1,mortgage,dld
dxb-101134,2025-09-30,mirdif,hotel apartment,2 br,105.5,1028905.0,2.0,0,sale,dld
dxb-101023,2026-07-18,jlt,apartment,3 br,72.4,733434.0,3.0,1,sale,dld
dxb-101055,2023-08-03,dubai hills estate,villa,5 br,212.3,4470493.0,5.0,2,sale,dld
dxb-101332,2024-02-13,deira,apartment,3 br,84.5,1021404.0,3.0,1,sale,dld
dxb-100246,2026-07-15,jumeirah,villa,6 br,135.5,2851445.0,6.0,3,sale,dld
dxb-100145,2026-05-14,dubai silicon oasis,apartment,1 br,55.0,627777.0,1.0,2,mortgage,dld
dxb-101417,2025-05-27,jvc,apartment,studio,98.5,1731825.0,0.0,1,sale,dld
dxb-101152,2025-04-23,bur dubai,apartment,studio,108.8,1384292.0,0.0,0,sale,dld
dxb-101395,2026-08-01,al barsha,apartment,3 br,150.3,2196732.0,3.0,0,sale,dld
dxb-100622,2023-07-11,jumeirah lake towers,hotel apartment,1 br,95.7,1944712.0,1.0,1,sale,dld
dxb-101491,2026-06-07,jumeirah village circle,townhouse,3 br,63.3,639344.0,3.0,3,sale,broker
dxb-100460,2023-04-13,palm jumeirah,villa,4 br,61.8,1822794.0,4.0,1,sale,developer
dxb-100486,2025-05-09,dubai hills estate,apartment,3 br,216.1,6528319.0,3.0,0,sale,dld
dxb-101478,2024-06-16,Unknown,apartment,studio,102.1,1313240.0,0.0,3,mortgage,broker
dxb-100090,2024-10-31,dubai hills estate,apartment,2 br,72.3,1789800.0,2.0,1,mortgage,dld
dxb-101229,2024-08-26,dubai marina,apartment,1 br,147.4,3097326.0,1.0,3,sale,dld
dxb-100492,2025-09-13,dubai hills estate,villa,6 br,135.2,4838468.0,6.0,2,sale,dld
dxb-100170,2023-01-08,international city,apartment,studio,196.2,2213049.0,0.0,0,sale,dld
dxb-100056,2025-08-26,deira,apartment,studio,235.3,2532604.0,0.0,1,mortgage,dld
dxb-100404,2023-09-14,dubai hills estate,hotel apartment,studio,143.8,2813444.0,0.0,2,sale,developer
dxb-101265,2025-03-22,mirdif,townhouse,3 br,35.8,412654.0,3.0,0,sale,developer
dxb-100599,2023-10-01,international city,villa,4 br,225.6,3372411.0,4.0,3,mortgage,dld
dxb-101015,2023-08-27,jumeirah village circle,apartment,2 br,106.6,1981565.0,2.0,2,sale,dld
dxb-100097,2023-03-30,jlt,apartment,studio,104.1,2414399.0,0.0,0,sale,dld
dxb-100826,2023-12-29,dubai hills estate,villa,5 br,41.2,1220172.0,5.0,1,sale,broker
dxb-101140,2023-01-21,arabian ranches,apartment,3 br,239.5,5976595.0,3.0,1,sale,broker
dxb-101225,2025-01-17,jumeirah village circle,penthouse,2 br,196.1,3723742.0,2.0,0,sale,dld
dxb-100479,2024-11-08,jumeirah,apartment,2 br,118.1,3241671.0,2.0,3,sale,dld
dxb-100323,2025-06-14,international city,apartment,3 br,77.0,794356.0,3.0,0,sale,broker
dxb-101217,2023-10-26,dubai hills estate,villa,5 br,88.4,2713306.0,5.0,0,mortgage,dld
dxb-101357,2024-08-09,business bay,apartment,1 br,86.2,2286904.0,1.0,2,mortgage,dld
dxb-100098,2023-11-28,jvc,apartment,3 br,150.6,2267790.0,3.0,1,sale,developer
dxb-100424,2023-12-26,international city,villa,4 br,82.4,787145.0,4.0,1,sale,broker
dxb-100296,2025-01-28,business bay,hotel apartment,1 br,49.5,1016260.0,1.0,1,sale,broker
dxb-100737,2023-10-30,al barsha,apartment,3 br,143.8,2752606.0,3.0,3,sale,dld
dxb-101435,2025-02-18,bur dubai,hotel apartment,studio,102.0,1503670.0,0.0,3,sale,broker
dxb-100902,2023-12-30,al barsha,apartment,2 br,128.4,1528779.0,2.0,1,sale,dld
dxb-100601,2024-02-01,international city,townhouse,3 br,142.5,1856756.0,3.0,1,sale,broker
dxb-100999,2025-04-16,al barsha,apartment,studio,133.4,1574058.0,0.0,1,sale,broker
dxb-101372,2025-03-06,business bay,apartment,2 br,110.0,2062259.0,2.0,1,sale,dld
dxb-100395,2023-02-04,jumeirah,apartment,1 br,75.9,2526576.0,1.0,1,sale,dld
dxb-100426,2024-05-12,al barsha,apartment,1 br,120.4,1841599.0,1.0,0,sale,dld
dxb-101369,2023-02-28,al barsha,apartment,2 br,73.9,1406997.0,2.0,2,sale,dld
dxb-101038,2025-10-29,jumeirah lake towers,apartment,3 br,124.0,2063377.0,3.0,2,sale,dld
dxb-100252,2024-02-20,jumeirah village circle,apartment,3 br,51.8,598370.0,3.0,1,mortgage,dld
dxb-100238,2023-05-23,bur dubai,apartment,1 br,160.6,1746502.0,1.0,3,sale,dld
dxb-101144,2026-06-10,Unknown,apartment,2 br,84.4,2075432.0,2.0,2,mortgage,broker
dxb-100844,2023-09-03,bur dubai,apartment,1 br,141.6,1529156.0,1.0,3,sale,dld
dxb-101309,2025-12-15,international city,hotel apartment,1 br,61.8,757159.0,1.0,2,sale,dld
dxb-100845,2024-05-15,al barsha,penthouse,3 br,105.7,2057325.0,3.0,3,mortgage,dld
dxb-100554,2024-06-09,palm jumeirah,apartment,studio,127.2,4405274.0,0.0,3,sale,broker
dxb-101220,2023-02-06,downtown dubai,apartment,3 br,69.3,2224024.0,3.0,3,sale,broker
dxb-100545,2024-10-24,international city,apartment,1 br,205.6,2608806.0,1.0,0,sale,broker
dxb-100250,2024-07-19,dubai hills estate,villa,3 br,150.0,3540567.0,3.0,2,mortgage,dld
dxb-100739,2023-07-25,deira,apartment,3 br,150.2,1941676.0,3.0,3,sale,dld
dxb-100964,2025-02-21,jumeirah village circle,hotel apartment,studio,294.4,5776125.0,0.0,3,sale,dld
dxb-100198,2023-10-29,mirdif,apartment,1 br,76.1,600352.0,1.0,0,sale,dld
dxb-100897,2024-04-03,dubai marina,apartment,1 br,64.6,1594354.0,1.0,2,sale,dld
dxb-101345,2024-09-01,al barsha,villa,3 br,89.3,2208686.0,3.0,2,mortgage,dld
dxb-101342,2023-04-28,al barsha,apartment,2 br,88.9,1554462.0,2.0,2,mortgage,dld
dxb-101314,2023-10-10,jumeirah,apartment,2 br,144.8,2279634.0,2.0,0,mortgage,broker
dxb-100989,2025-07-25,al barsha,townhouse,3 br,60.0,975094.0,3.0,0,sale,developer
dxb-101040,2025-11-11,jlt,apartment,1 br,110.4,1945895.0,1.0,0,sale,developer
dxb-101182,2026-06-29,downtown dubai,apartment,1 br,78.7,1981223.0,1.0,0,sale,dld
dxb-100243,2023-07-19,al barsha,apartment,1 br,176.7,3135954.0,1.0,2,sale,dld
dxb-100066,2026-06-08,deira,villa,5 br,91.5,1077175.0,5.0,0,sale,dld
dxb-101456,2023-01-29,dubai silicon oasis,apartment,studio,264.6,3227922.0,0.0,2,sale,dld
dxb-100933,2026-05-20,arabian ranches,townhouse,3 br,138.3,2705343.0,3.0,3,mortgage,dld
dxb-100359,2026-05-16,al barsha,villa,6 br,83.8,1847304.0,6.0,1,sale,dld
dxb-100095,2024-04-02,jumeirah,villa,3 br,69.2,1652383.0,3.0,1,sale,broker
dxb-101481,2025-04-29,jumeirah lake towers,apartment,3 br,100.4,2148047.0,3.0,0,mortgage,dld
dxb-101495,2023-02-14,international city,villa,3 br,99.1,1295024.0,3.0,1,sale,dld
dxb-100521,2024-07-26,jumeirah lake towers,apartment,1 br,245.7,5947576.0,1.0,2,sale,dld
dxb-100974,2024-12-09,downtown dubai,apartment,studio,61.8,1737476.0,0.0,2,sale,dld
dxb-100665,2025-05-19,palm jumeirah,villa,3 br,41.4,1177338.0,3.0,0,mortgage,dld
dxb-100361,2025-05-21,jumeirah,apartment,3 br,79.8,2584720.0,3.0,3,sale,broker
dxb-100484,2026-03-25,palm jumeirah,apartment,studio,184.8,5910666.0,0.0,1,sale,broker
dxb-101175,2026-02-11,dubai hills estate,townhouse,2 br,246.6,6652934.0,2.0,2,sale,developer
dxb-101280,2025-04-17,al barsha,apartment,studio,102.2,2719522.0,0.0,2,mortgage,dld
dxb-100311,2024-10-18,palm jumeirah,apartment,studio,143.6,4433967.0,0.0,3,sale,broker
dxb-101328,2024-01-24,dubai marina,apartment,studio,203.5,5227111.0,0.0,0,mortgage,dld
dxb-100842,2023-12-05,dubai silicon oasis,apartment,2 br,65.7,458543.0,2.0,0,sale,dld
dxb-100413,2024-06-05,downtown dubai,penthouse,3 br,126.6,5844099.0,3.0,0,mortgage,developer
dxb-101157,2024-11-28,jumeirah lake towers,apartment,3 br,384.6,7388463.0,3.0,2,sale,dld
dxb-100031,2023-06-05,jumeirah lake towers,hotel apartment,studio,111.7,2842145.0,0.0,3,sale,dld
dxb-100765,2024-11-14,palm jumeirah,apartment,3 br,61.3,1688199.0,3.0,0,sale,dld
dxb-100458,2026-02-01,deira,townhouse,4 br,42.5,330596.0,4.0,0,sale,developer
dxb-101185,2023-09-15,dubai silicon oasis,townhouse,3 br,74.6,1023170.0,3.0,1,sale,developer
dxb-100339,2023-05-03,bur dubai,hotel apartment,2 br,5000.0,45000000.0,2.0,3,mortgage,dld
dxb-100286,2024-12-23,downtown dubai,apartment,2 br,190.8,5529322.0,2.0,3,sale,dld
dxb-100949,2026-03-02,jumeirah village circle,apartment,studio,131.4,1536494.0,0.0,1,mortgage,dld
dxb-100139,2025-05-20,al barsha,apartment,3 br,46.3,808447.0,3.0,0,sale,broker
dxb-100848,2025-06-20,jumeirah,apartment,1 br,39.7,1096200.0,1.0,2,sale,dld
dxb-101025,2026-03-02,jvc,apartment,studio,77.8,1262765.0,0.0,0,sale,broker
dxb-101231,2023-03-20,bur dubai,villa,3 br,97.1,1709169.0,3.0,3,mortgage,dld
dxb-101138,2023-05-06,Unknown,apartment,studio,100.8,1127809.0,0.0,3,sale,broker
dxb-100900,2023-09-11,al barsha,apartment,3 br,71.8,1653889.0,3.0,0,mortgage,broker
dxb-100731,2026-05-04,deira,apartment,1 br,100.2,907047.0,1.0,1,sale,dld
dxb-100264,2026-05-22,al barsha,hotel apartment,1 br,98.1,1676070.0,1.0,0,mortgage,dld
dxb-100274,2025-04-25,business bay,villa,4 br,131.1,2848865.0,4.0,1,sale,broker
dxb-101094,2023-01-19,mirdif,villa,6 br,155.9,2449563.0,6.0,0,sale,dld
dxb-100444,2025-10-20,bur dubai,apartment,studio,94.3,1321133.0,0.0,1,sale,developer
dxb-100039,2024-05-16,jumeirah village circle,villa,6 br,108.1,2524530.0,6.0,0,mortgage,broker
dxb-101122,2026-05-25,mirdif,townhouse,2 br,135.2,1915301.0,2.0,3,sale,dld
dxb-101264,2025-02-20,dubai silicon oasis,villa,4 br,44.6,598740.0,4.0,3,sale,broker
dxb-100021,2024-10-20,downtown dubai,apartment,2 br,34.1,1091684.0,2.0,0,sale,dld
dxb-100705,2024-09-16,al barsha,villa,4 br,125.3,1995090.0,4.0,3,sale,dld
dxb-100517,2025-09-26,bur dubai,townhouse,3 br,46.1,759848.0,3.0,2,mortgage,dld
dxb-101173,2023-07-01,dubai hills estate,townhouse,3 br,29.1,702360.0,3.0,0,sale,developer
dxb-100354,2024-02-25,mirdif,apartment,studio,198.4,2578921.0,0.0,0,sale,dld
dxb-100297,2024-11-13,bur dubai,townhouse,2 br,85.9,1060914.0,2.0,2,sale,developer
dxb-101076,2023-09-01,mirdif,apartment,2 br,208.8,2994049.0,2.0,1,mortgage,dld
dxb-100839,2023-01-17,mirdif,apartment,1 br,138.5,1517048.0,1.0,3,mortgage,dld
dxb-101222,2025-12-11,deira,penthouse,4 br,80.8,1221191.0,4.0,1,sale,dld
dxb-100924,2023-02-16,international city,apartment,1 br,110.6,1079181.0,1.0,1,sale,broker
dxb-100122,2025-05-25,al barsha,apartment,3 br,58.8,1339201.0,3.0,2,sale,dld
dxb-101227,2024-09-28,international city,apartment,studio,52.9,573315.0,0.0,3,sale,dld
dxb-101091,2024-01-02,dubai marina,villa,5 br,67.5,1676536.0,5.0,3,sale,broker
dxb-101247,2025-01-15,jumeirah village circle,apartment,studio,213.3,2596839.0,0.0,1,mortgage,dld
dxb-101151,2026-08-17,al barsha,penthouse,4 br,193.3,3644052.0,4.0,1,sale,dld
dxb-101163,2026-07-07,business bay,apartment,1 br,148.8,2935221.0,1.0,2,sale,dld
dxb-100417,2026-01-27,bur dubai,townhouse,2 br,113.9,1346244.0,2.0,0,mortgage,dld
dxb-100966,2025-06-05,jumeirah,hotel apartment,studio,131.2,4631549.0,0.0,0,sale,dld
dxb-101242,2024-10-05,deira,apartment,3 br,83.0,847741.0,3.0,1,mortgage,developer
dxb-100157,2024-07-19,mirdif,villa,5 br,217.2,3923842.0,5.0,1,sale,developer
dxb-101118,2024-08-27,business bay,apartment,3 br,104.1,2069741.0,3.0,0,mortgage,dld
dxb-101279,2026-01-28,deira,villa,3 br,149.1,2198151.0,3.0,0,sale,broker
dxb-101063,2023-10-24,al barsha,villa,3 br,191.8,3036627.0,3.0,0,sale,dld
dxb-101154,2024-11-03,business bay,apartment,studio,107.35,1059417.0,0.0,2,sale,dld
dxb-100189,2026-08-06,deira,apartment,2 br,160.5,1909517.0,2.0,3,sale,broker
dxb-100589,2026-03-25,bur dubai,apartment,2 br,92.6,1019903.0,2.0,1,sale,broker
dxb-100760,2025-09-13,jumeirah village circle,villa,6 br,53.1,979568.0,6.0,2,mortgage,dld
dxb-101062,2023-05-28,international city,apartment,3 br,75.7,815458.0,3.0,1,sale,dld
dxb-100242,2025-03-22,bur dubai,apartment,1 br,41.7,678959.0,1.0,3,mortgage,broker
dxb-100884,2025-10-09,jumeirah village circle,apartment,studio,121.6,2274875.0,0.0,1,mortgage,dld
dxb-101377,2024-02-29,business bay,penthouse,2 br,131.6,5417204.0,2.0,2,mortgage,dld
dxb-100620,2024-11-26,mirdif,townhouse,4 br,43.1,479363.0,4.0,2,sale,dld
dxb-100650,2024-02-26,downtown dubai,apartment,studio,106.3,2802046.0,0.0,0,sale,dld
dxb-100503,2025-02-14,business bay,apartment,2 br,76.8,1691816.0,2.0,3,mortgage,dld
dxb-100922,2026-06-20,Unknown,villa,3 br,39.3,891050.0,3.0,3,sale,dld
dxb-100159,2023-05-10,bur dubai,townhouse,3 br,184.1,2508059.0,3.0,3,sale,dld
dxb-100882,2026-04-27,dubai silicon oasis,hotel apartment,1 br,105.2,1304611.0,1.0,1,sale,dld
dxb-100537,2024-01-16,downtown dubai,apartment,2 br,47.0,1252913.0,2.0,2,mortgage,dld
dxb-100240,2024-09-25,business bay,townhouse,2 br,112.4,2535554.0,2.0,3,sale,developer
dxb-100013,2025-02-05,jumeirah,townhouse,4 br,265.1,7758523.0,4.0,1,sale,dld
dxb-100475,2023-07-24,business bay,apartment,3 br,144.2,2602125.0,3.0,0,mortgage,dld
dxb-101447,2023-07-31,jumeirah village circle,apartment,3 br,320.4,5771525.0,3.0,0,sale,dld
dxb-101422,2025-05-08,jumeirah,apartment,2 br,72.8,1708501.0,2.0,1,mortgage,broker
dxb-100928,2024-01-01,international city,villa,3 br,162.8,1917249.0,3.0,0,sale,dld
dxb-101338,2024-04-24,jumeirah,penthouse,2 br,60.6,2363195.0,2.0,2,sale,dld
dxb-101385,2026-01-02,arabian ranches,apartment,3 br,65.3,1565091.0,3.0,1,sale,broker
dxb-101344,2025-10-30,dubai hills estate,hotel apartment,2 br,96.4,2637840.0,2.0,2,sale,dld
dxb-100795,2025-01-31,jumeirah lake towers,apartment,3 br,128.4,2649503.0,3.0,0,sale,broker
dxb-100355,2024-04-23,palm jumeirah,apartment,2 br,107.0,4258555.0,2.0,2,sale,dld
dxb-101058,2023-04-16,business bay,apartment,2 br,62.3,530497.0,2.0,3,sale,dld
dxb-100334,2023-08-13,downtown dubai,apartment,3 br,107.6,3797396.0,3.0,1,mortgage,dld
dxb-100688,2023-06-08,mirdif,townhouse,4 br,77.9,683044.0,4.0,0,sale,dld
dxb-101400,2026-01-16,dubai hills estate,apartment,3 br,192.8,3734801.0,3.0,2,sale,dld
dxb-100184,2026-07-22,international city,townhouse,3 br,101.1,787482.0,3.0,0,sale,developer
dxb-100823,2025-06-01,jumeirah village circle,villa,4 br,98.6,1785885.0,4.0,2,mortgage,developer
dxb-101429,2024-05-16,bur dubai,apartment,1 br,89.7,813292.0,1.0,3,sale,broker
dxb-101349,2023-01-23,dubai hills estate,apartment,studio,170.5,2916914.0,0.0,2,sale,dld
dxb-101001,2024-08-16,deira,apartment,studio,107.35,1224115.0,0.0,3,sale,dld
dxb-100187,2025-07-24,palm jumeirah,apartment,1 br,132.1,3096625.0,1.0,2,sale,developer
dxb-100941,2023-02-17,jumeirah lake towers,townhouse,3 br,54.4,1100024.0,3.0,2,sale,broker
dxb-100284,2024-05-19,palm jumeirah,villa,6 br,213.7,7249803.0,6.0,2,sale,dld
dxb-101415,2023-03-23,palm jumeirah,townhouse,2 br,137.5,5343988.0,2.0,0,sale,dld
dxb-100899,2026-08-31,bur dubai,apartment,3 br,99.7,1312994.0,3.0,3,sale,dld
dxb-101490,2026-08-08,jumeirah village circle,apartment,studio,75.0,735950.0,0.0,0,sale,dld
dxb-100165,2023-01-06,palm jumeirah,apartment,3 br,332.7,13960848.0,3.0,3,sale,dld
dxb-100347,2024-05-21,downtown dubai,apartment,studio,286.9,7307348.0,0.0,2,sale,dld
dxb-100298,2025-05-24,dubai silicon oasis,townhouse,3 br,252.3,3182862.0,3.0,3,sale,dld
dxb-100535,2024-08-27,downtown dubai,apartment,studio,240.2,6144405.0,0.0,3,sale,broker
dxb-100229,2026-01-29,deira,apartment,2 br,149.2,1993072.0,2.0,2,sale,dld
dxb-100041,2023-03-29,jumeirah lake towers,townhouse,3 br,117.4,1934698.0,3.0,0,sale,dld
dxb-100868,2025-10-15,business bay,apartment,2 br,72.8,1201982.0,2.0,3,mortgage,dld
dxb-100748,2023-05-31,bur dubai,townhouse,4 br,149.7,1885539.0,4.0,0,mortgage,dld
dxb-101466,2026-02-17,jumeirah,apartment,2 br,54.8,1537883.0,2.0,1,sale,dld
dxb-100446,2024-08-04,jlt,hotel apartment,1 br,94.1,1397515.0,1.0,1,mortgage,dld
dxb-100349,2026-01-20,jumeirah,apartment,3 br,80.9,1605355.0,3.0,2,sale,broker
dxb-100045,2025-05-04,bur dubai,townhouse,4 br,78.6,1201635.0,4.0,0,mortgage,developer
dxb-101471,2024-01-18,bur dubai,apartment,studio,105.1,1838975.0,0.0,1,sale,dld
dxb-101494,2024-09-12,jumeirah lake towers,apartment,studio,51.2,1184387.0,0.0,0,sale,dld
dxb-100108,2023-05-18,bur dubai,apartment,3 br,103.0,1346554.0,3.0,3,sale,broker
dxb-100029,2023-03-30,bur dubai,villa,5 br,130.0,2326842.0,5.0,2,mortgage,broker
dxb-100181,2025-03-17,jumeirah village circle,penthouse,2 br,128.8,2105101.0,2.0,1,sale,developer
dxb-100621,2024-01-05,business bay,apartment,2 br,183.1,3819713.0,2.0,0,sale,dld
dxb-101443,2023-09-12,palm jumeirah,apartment,2 br,47.8,1354307.0,2.0,0,mortgage,developer
dxb-100634,2023-09-22,mirdif,apartment,2 br,57.1,1969191.0,2.0,1,sale,broker
dxb-100104,2026-06-23,arabian ranches,townhouse,2 br,104.3,2543361.0,2.0,2,mortgage,dld
dxb-100060,2023-11-14,business bay,villa,4 br,409.4,7382862.0,4.0,3,sale,dld
dxb-100658,2023-06-07,dubai hills estate,villa,3 br,230.7,7220222.0,3.0,0,mortgage,dld
dxb-101107,2025-07-26,deira,apartment,2 br,115.7,1398555.0,2.0,1,mortgage,dld
dxb-100490,2023-11-16,downtown dubai,villa,5 br,64.2,1382651.0,5.0,3,sale,dld
dxb-100315,2023-10-30,deira,apartment,1 br,177.6,1532121.0,1.0,3,mortgage,broker
dxb-100381,2023-04-10,jumeirah,hotel apartment,2 br,200.0,5681094.0,2.0,1,sale,dld
dxb-101476,2025-08-31,mirdif,apartment,3 br,43.2,751163.0,3.0,0,mortgage,developer
dxb-100445,2024-01-09,arabian ranches,villa,5 br,64.7,1817281.0,5.0,2,sale,dld
dxb-100663,2023-10-07,mirdif,apartment,3 br,86.9,1429095.0,3.0,3,sale,broker
dxb-101024,2026-02-12,palm jumeirah,villa,5 br,188.8,9276275.0,5.0,0,sale,developer
dxb-100779,2026-02-19,palm jumeirah,penthouse,2 br,101.4,3826026.0,2.0,0,mortgage,dld
dxb-100626,2024-06-10,jumeirah,townhouse,2 br,69.8,1862795.0,2.0,3,sale,developer
dxb-101112,2025-04-18,jumeirah village circle,villa,5 br,101.3,2318563.0,5.0,2,sale,dld
dxb-101101,2025-05-09,mirdif,apartment,3 br,73.8,1041845.0,3.0,0,sale,broker
dxb-100268,2024-11-27,jumeirah village circle,apartment,studio,208.5,2568849.0,0.0,1,sale,dld
dxb-100929,2026-04-09,jumeirah,townhouse,4 br,57.3,2245289.0,4.0,1,sale,dld
dxb-101147,2024-02-21,deira,townhouse,4 br,202.2,2724665.0,4.0,3,mortgage,broker
dxb-101321,2023-01-20,palm jumeirah,apartment,2 br,71.2,1803758.0,2.0,1,sale,dld
dxb-101119,2023-12-19,dubai marina,penthouse,2 br,136.9,4741054.0,2.0,3,sale,developer
dxb-100011,2023-02-14,al barsha,hotel apartment,1 br,102.2,1833378.0,1.0,2,mortgage,broker
dxb-100114,2024-01-29,dubai hills estate,apartment,2 br,146.6,4669239.0,2.0,0,sale,dld
dxb-100843,2024-09-24,jumeirah lake towers,apartment,1 br,66.8,1301440.0,1.0,0,sale,developer
dxb-101452,2024-01-31,al barsha,penthouse,2 br,89.2,2708479.0,2.0,2,sale,dld
dxb-101281,2025-09-17,bur dubai,apartment,studio,102.9,784548.0,0.0,0,mortgage,broker
dxb-100352,2024-09-13,downtown dubai,villa,3 br,191.5,3753054.0,3.0,2,sale,broker
dxb-100773,2025-08-15,downtown dubai,townhouse,3 br,99.7,1847594.0,3.0,2,sale,dld
dxb-100690,2025-04-11,palm jumeirah,apartment,2 br,196.1,6221966.0,2.0,1,mortgage,dld
dxb-100790,2023-03-25,downtown dubai,apartment,3 br,181.5,5560186.0,3.0,1,sale,dld
dxb-100531,2026-04-27,downtown dubai,villa,6 br,144.1,3872594.0,6.0,2,mortgage,dld
dxb-100867,2025-02-09,deira,townhouse,3 br,92.2,915659.0,3.0,0,sale,dld
dxb-100169,2025-07-12,international city,hotel apartment,1 br,169.0,1782520.0,1.0,2,sale,dld
dxb-100239,2024-07-10,dubai marina,apartment,2 br,188.1,4822880.0,2.0,3,sale,developer
dxb-101301,2023-02-16,international city,villa,4 br,216.2,2254600.0,4.0,1,sale,dld
dxb-101184,2023-04-12,dubai marina,apartment,2 br,187.9,4119188.0,2.0,2,sale,broker
dxb-100073,2023-12-16,jumeirah,apartment,3 br,37.1,1110112.0,3.0,0,sale,dld
dxb-101086,2023-01-23,jumeirah lake towers,townhouse,2 br,110.3,1648508.0,2.0,3,mortgage,dld
dxb-100761,2024-09-24,al barsha,apartment,studio,222.6,4879628.0,0.0,2,sale,dld
dxb-100740,2023-12-01,business bay,apartment,1 br,38.0,598505.0,1.0,2,mortgage,dld
dxb-100750,2023-03-15,dubai silicon oasis,apartment,studio,85.9,1947165.0,0.0,1,sale,developer
dxb-100830,2025-05-26,bur dubai,villa,5 br,152.1,2425486.0,5.0,0,sale,dld
dxb-100762,2023-05-13,dubai silicon oasis,apartment,2 br,71.2,1138899.0,2.0,0,sale,developer
dxb-100591,2023-03-11,jlt,apartment,1 br,66.3,1119524.0,1.0,0,mortgage,developer
dxb-100807,2024-04-10,jumeirah village circle,apartment,2 br,45.9,781196.0,2.0,3,sale,dld
dxb-101083,2026-02-14,jumeirah,townhouse,2 br,252.1,6795608.0,2.0,3,sale,broker
dxb-100505,2024-06-23,bur dubai,townhouse,4 br,94.0,1419405.0,4.0,0,sale,dld
dxb-101044,2024-06-23,palm jumeirah,apartment,studio,95.6,3589476.0,0.0,2,mortgage,dld
dxb-101448,2024-10-14,dubai silicon oasis,villa,6 br,130.6,1770215.0,6.0,1,mortgage,developer
dxb-100652,2023-05-23,palm jumeirah,villa,4 br,336.2,16612844.0,4.0,0,mortgage,dld
dxb-100192,2025-01-22,Unknown,apartment,3 br,149.3,3538138.0,3.0,2,mortgage,developer
dxb-101239,2024-01-10,business bay,apartment,studio,114.5,2386892.0,0.0,2,sale,broker
dxb-100244,2026-08-03,arabian ranches,villa,5 br,115.825,3611911.0,5.0,3,sale,broker
dxb-101387,2024-06-08,dubai marina,apartment,studio,74.2,1509787.0,0.0,0,sale,broker
dxb-100059,2026-07-18,jumeirah lake towers,apartment,2 br,106.4,1641314.0,2.0,1,sale,broker
dxb-101245,2025-08-24,jlt,apartment,studio,34.6,691794.0,0.0,1,sale,dld
dxb-100176,2024-01-09,international city,apartment,2 br,70.3,620786.0,2.0,0,mortgage,broker
dxb-100449,2023-10-01,al barsha,villa,4 br,308.9,4850842.0,4.0,3,sale,dld
dxb-100055,2026-01-23,al barsha,townhouse,2 br,124.2,2338503.0,2.0,1,sale,broker
dxb-101278,2024-05-27,jumeirah,penthouse,4 br,129.7,957594.0,4.0,1,sale,dld
dxb-100919,2023-08-18,international city,villa,5 br,52.2,741599.0,5.0,3,sale,dld
dxb-101409,2024-05-24,jumeirah lake towers,villa,5 br,105.2,2280068.0,5.0,0,mortgage,dld
dxb-101221,2026-06-15,al barsha,apartment,1 br,75.4,1054089.0,1.0,0,sale,dld
dxb-101092,2023-11-30,dubai hills estate,apartment,2 br,64.7,1018024.0,2.0,3,sale,developer
dxb-101192,2025-05-05,jumeirah,penthouse,4 br,104.7,4656121.0,4.0,0,sale,broker
dxb-101209,2025-06-03,international city,apartment,3 br,128.6,1493350.0,3.0,3,sale,dld
dxb-101059,2023-05-22,dubai silicon oasis,villa,3 br,93.0,1314194.0,3.0,1,sale,dld
dxb-100641,2025-11-28,bur dubai,townhouse,2 br,78.7,1324712.0,2.0,1,sale,dld
