Transaction_ID,Transaction_Date,Area,Property_Type,Property_Sub_Type,Property_Size_SqM,Transaction_Amount_AED,Rooms,Parking_Spaces,Transaction_Type,Source_Channel
DXB-101018,2025-09-21,Jumeirah Village Circle,Apartment,2 BR,407.9,4480815.0,2.0,3,Sale,Developer
DXB-100222,2023-06-23,Jumeirah,Villa,6 BR,71.7,2034323.0,6.0,3,Sale,Broker
DXB-100310,2026-07-08,Al Barsha,Apartment,Studio,126.7,2012324.0,0.0,0,Sale,Developer
DXB-101268,2023-07-24,Dubai Marina,Apartment,1 BR,36.8,1064931.0,1.0,2,Mortgage,DLD
DXB-101361,2025-12-05,Jumeirah,APARTMENT,2 BR,114.6,"AED 2,170,758",2.0,3,Sale,Developer
DXB-100307,2024-08-03,Jumeirah Village Circle,Villa,6 BR,202.9,3054340.0,6.0,2,Sale,Developer
DXB-100292,2024-01-05,Business Bay,Hotel Apartment,2 BR,79.4,"AED 2,276,293",2.0,2,Sale,Broker
DXB-101103,2025-02-19,Dubai Marina,Townhouse,3 BR,368.5,6759447.0,3.0,3,Sale,Broker
DXB-100491,2024-05-21,International City,Villa,5 BR,516.9,3802875.0,5.0,0,Sale,Broker
DXB-100509,2024-08-07,Dubai Hills Estate,Apartment,1 BR,113.9,2584807.0,1.0,3,Mortgage,Developer
DXB-101463,26-Jun-2026,International City,Apartment,1 BR,114.0,1291138.0,1.0,1,Sale,Developer
DXB-100684,2023-06-10,Mirdif,Villa,6 BR,74.8,1059119.0,6.0,1,Sale,Developer
DXB-101248,2026-05-09,Bur Dubai,Penthouse,4 BR,114.8,2795820.0,4.0,2, Mortgage ,DLD
DXB-100485,2024-10-16,Dubai Marina,Apartment,Studio,8000.0,85000000,0.0,1,Sale,DLD
DXB-101315,2025-12-01,Jumeirah Lake Towers,villa,3 BR,77.9,1381612.0,3.0,3,Sale,Developer
DXB-100042,2023-03-15,JLT,Villa,6 BR,131.0,3212161.0,6.0,0,Mortgage,DLD
DXB-100818,2025-09-11,International City,Villa,6 BR,77.7,1200052.0,6.0,2,Sale,DLD
DXB-100781,2023-12-01,Business Bay,Hotel Apartment,2 BR,71.5,1813218.0,2.0,2,Sale,DLD
DXB-101293,14/07/2024,Downtown Dubai,Apartment,3 BR,136.8,2184626.0,3.0,1,Sale,Developer
DXB-100618,09-09-2023,Palm Jumeirah,Apartment,3 BR,57.3,1925315.0,3.0,1,Mortgage,DLD
DXB-100662,2023-05-30,Mirdif,Apartment,1 BR,433.1,5258295.0,1.0,3,Sale,DLD
DXB-101132,2025-03-06,Arabian Ranches,Apartment,2 BR,138.2,3365064.0,2.0,0,Sale,DLD
DXB-100211,2024-12-07,,Villa,6 BR,88.3,1898903.0,6.0,2,Mortgage,DLD
DXB-100602,2025-06-19,Jumeirah Village Circle,Hotel Apartment,Studio,52.7,"AED 505,183",0.0,3,Sale,DLD
DXB-101190,2023-11-25,Palm Jumeirah,Apartment,1 BR,133.8,2507350.0,1.0,2,Mortgage,DLD
DXB-100835,2023-08-03,Arabian Ranches,Villa,3 BR,183.1,5390353.0,3.0,3,Sale,DLD
DXB-101403,03/01/2025,Mirdif,Apartment,3 BR,119.5,"AED 1,907,395",3.0,3,Sale,Developer
DXB-101426,2023-11-20,Business Bay,Apartment ,2 BR,322.2,8862546.0,2.0,0,Sale,DLD
DXB-100400,2025-06-06,Deira,apartment,1 BR,88.4,824425.0,1.0,1,Mortgage,DLD
DXB-100581,2024-08-02,Jumeirah,Apartment ,2 BR,8000.0,85000000,2.0,1,Sale,DLD
DXB-100203,2024-04-25,Jumeirah Village Circle,Apartment,3 BR,220.6,"AED 663,064",3.0,3,Sale,Developer
DXB-100838,2023-04-30,Mirdif,Apartment,1 BR,52.5,,1.0,2,Sale,DLD
DXB-100512,2023-12-26,Downtown Dubai,Apartment,2 BR,91.8,3770999.0,2.0,1,Sale,Broker
DXB-100534,2024-03-22,Downtown Dubai,Apartment,Studio,38.8,782327.0,0.0,1,Sale,Developer
DXB-100935,2024-11-24,Deira,Apartment,3 BR,130.7,1531225.0,,0,Sale,DLD
DXB-100871,2023-07-18,Downtown Dubai,Apartment,2 BR,188.8,7258832.0,2.0,3,Sale,DLD
DXB-100997,2024-08-02,Deira,Apartment,1 BR,61.5,448373.0,1.0,2,Sale,Broker
DXB-100716,2024-11-28,Dubai Hills Estate,Villa,6 BR,113.1,2130218.0,,0,Sale,DLD
DXB-100819,2026-04-04,Bur Dubai,Apartment,Studio,99.7,1741876.0,0.0,3,Sale,Broker
DXB-101017,2024-10-03,Jumeirah village circle,Townhouse,4 BR,73.7,1032251.0,4.0,1,Sale,DLD
DXB-100365,2024-10-07,Jumeirah,Apartment,2 BR,86.2,1929240.0,2.0,0,Sale,Developer
DXB-101379,2025-05-10,Bur Dubai,APT,Studio,112.6,1575446.0,0.0,2,Sale,Broker
DXB-100234,2024-12-18,Dubai Silicon Oasis,Hotel Apartment,2 BR,78.2,"AED 1,312,158",2.0,1,Sale,DLD
DXB-100938,2023-04-05,Arabian Ranches,Penthouse,3 BR,62.5,1962426.0,3.0,2,Sale,Developer
DXB-100560,2024-04-12,Downtown Dubai,APT,2 BR,125.6,2910886.0,2.0,3,Sale,DLD
DXB-101416,2025-02-12,Al Barsha,apartment,1 BR,146.3,2348310.0,1.0,1,Sale,Developer
DXB-100889,2026-07-21,Deira,Villa,6 BR,106.2,1194972.0,6.0,3,Sale,DLD
DXB-100273,2024-05-26,Palm Jumeirah,VILLA,6 BR,143.1,5894671.0,6.0,2,Sale,DLD
DXB-101493,2024-10-17,Business Bay,Townhouse,3 BR,120.8,2557790.0,3.0,0,Sale,Developer
DXB-101337,2023-05-08,Jumeirah Lake Towers,Villa,3 BR,54.6,1543872.0,3.0,3,Sale,DLD
DXB-101383,2024-09-29,Dubai Silicon Oasis,Hotel Apartment,Studio,154.0,2302379.0,0.0,2,Sale,DLD
DXB-100576,18/06/2026,International City,Hotel Apartment,Studio,62.2,"AED 715,260",0.0,3,Sale,DLD
DXB-100086,2024-09-13,Jumeirah Village Circle,villa,3 BR,35.7,325844.0,3.0,2,Sale,Broker
DXB-101200,2024-04-01,Arabian Ranches,Villa,5 BR,105.7,3241288.0,5.0,2,Sale,Broker
DXB-100874,2023-10-04,International City,Villa,5 BR,120.0,1259910.0,5.0,0,Mortgage,DLD
DXB-100653,2023-01-04,Al Barsha,Apartment,2 BR,62.6,766716.0,2.0,3,Sale,Developer
DXB-100846,2023-11-10,Jumeirah,apartment,1 BR,39.0,1468142.0,1.0,3,Sale,DLD
DXB-101300,2024-03-04,Jumeirah Lake Towers,apartment,Studio,238.5,4555410.0,0.0,0,Mortgage,DLD
DXB-100852,2023-12-21,Downtown Dubai ,Penthouse,2 BR,56.3,2321643.0,2.0,1,Mortgage,Broker
DXB-100057,2024-07-29,Jumeirah Village Circle,Villa,6 BR,156.4,3636052.0,6.0,0,Sale,DLD
DXB-100074,2023-09-27,Dubai Silicon Oasis,Apartment,2 BR,197.0,1909703.0,2.0,0,Mortgage,DLD
DXB-100156,2026-02-03,Jumeirah,Apartment,Studio,187.4,4181274.0,0.0,0, Sale ,DLD
DXB-100389,2024-09-09,Arabian Ranches,Penthouse,3 BR,120.4,4800864.0,3.0,3,Mortgage,DLD
DXB-101444,2023-06-03,Jumeirah,APARTMENT,1 BR,102.2,2158832.0,1.0,1,Sale,Developer
DXB-101339,2023-05-12,Al Barsha,Apartment,2 BR,136.6,2182853.0,2.0,2,Sale,Developer
DXB-100338,2024-11-06,Deira,Apartment,3 BR,91.9,362830.0,3.0,0,Mortgage,Developer
DXB-100403,2025-05-28,Mirdif,Apartment,2 BR,96.0,617503.0,2.0,1,Sale,Broker
DXB-101334,2025-10-18,Bur Dubai,Hotel Apartment,Studio,132.7,2478664.0,0.0,0,Sale,DLD
DXB-100786,2025-11-14,Jumeirah village circle,TOWNHOUSE,2 BR,128.3,-1000000,2.0,0,Sale,DLD
DXB-101296,2024-03-09,Palm Jumeirah,Apartment,3 BR,180.9,3904328.0,3.0,1,Sale,DLD
DXB-101238,2023-02-03,Jumeirah,apartment,Studio,153.5,4241623.0,0.0,2,Mortgage,Broker
DXB-100495,2023-05-28,Al Barsha,Apartment,Studio,308.7,"AED 6,870,925",0.0,2,Sale,Broker
DXB-101131,2025-12-31,Bur Dubai,Apartment,2 BR,121.5,1199694.0,2.0,0,Sale,DLD
DXB-101072,2024-07-22,Deira,APT,Studio,92.8,829145.0,0.0,2,Sale,DLD
DXB-100500,2026-02-11,Dubai Marina ,Townhouse,2 BR,116.6,3124009.0,2.0,3,Sale,DLD
DXB-101283,2026-01-30,Palm Jumeirah,Villa,6 BR,213.8,7950433.0,6.0,0,Sale,Broker
DXB-101068,2024-10-30,Jumeirah,Apartment,1 BR,179.9,2011320.0,1.0,2,Sale,DLD
DXB-101398,2024-12-08,Downtown Dubai,Villa,5 BR,57.1,1927614.0,5.0,0,Sale,DLD
DXB-100678,05-31-2026,Dubai Silicon Oasis,Apartment,Studio,72.2,880747.0,0.0,0,Sale,DLD
DXB-101359,2023-04-20,Mirdif,Apartment,2 BR,68.3,787240.0,2.0,2,Mortgage,Developer
DXB-100478,2023-01-14,Palm Jumeirah,Villa,6 BR,36.1,1513378.0,6.0,0,Mortgage,DLD
DXB-100191,2024-07-22,Arabian Ranches,Apartment,Studio,125.6,3960584.0,0.0,3,Sale, Developer 
DXB-100559,2024-10-31,Al Barsha,APT,2 BR,94.2,1310916.0,2.0,0,Sale,DLD
DXB-101347,2025-07-15,Jumeirah Village Circle,Apartment,2 BR,238.6,3116857.0,2.0,0,Sale,DLD
DXB-100774,2025-07-30,Palm Jumeirah,apartment,2 BR,152.7,3709960.0,2.0,3,Mortgage,DLD
DXB-100350,2023-09-04,Jumeirah Village Circle,Villa,6 BR,225.3,3922494.0,6.0,0,Sale,DLD
DXB-100253,2025-01-18,Dubai Hills Estate,Apartment,3 BR,64.1,1057963.0,3.0,0,Sale,DLD
DXB-101125,2025-11-29,Al Barsha,Villa,5 BR,152.0,2421725.0,5.0,0,Sale,Broker
DXB-100669,2023-01-25,Business Bay,Apartment,Studio,51.2,1336022.0,0.0,2,Sale,Broker
DXB-100372,2025-05-31,Jumeirah Lake Towers,Apartment,Studio,146.0,1843007.0,0.0,2,Sale,DLD
DXB-100993,2025-05-13,Jumeirah Lake Towers,Apartment,Studio,169.8,2659975.0,0.0,1,Mortgage,DLD
DXB-100655,2024-12-03,Al Barsha,Apartment,3 BR,70.8,735133.0,3.0,2,Sale,DLD
DXB-101162,2025-11-17,Dubai Silicon Oasis,Townhouse,4 BR,41.7,612891.0,4.0,2,Mortgage,DLD
DXB-101013,2025-09-30,Al Barsha,Hotel Apartment,2 BR,225.7,2367063.0,2.0,1,Sale,DLD
DXB-101272,2026-03-28,Bur Dubai,Apartment,1 BR,95.4,1233926.0,1.0,2,Mortgage,DLD
DXB-100923,2025-02-25,Palm Jumeirah,Apartment,Studio,58.4,976354.0,0.0,0,Sale,DLD
DXB-101212,2024-10-22,Palm Jumeirah,Villa ,4 BR,39.9,747843.0,,2,Sale,DLD
DXB-100390,2023-04-02,Business Bay,Villa,6 BR,168.7,"AED 3,427,761",6.0,2,Sale,DLD
DXB-101367,2023-11-22,Jumeirah Village Circle,Apartment,3 BR,86.2,1068041.0,3.0,2,Mortgage,DLD
DXB-100717,2025-03-13,Business Bay,APT,2 BR,241.3,7026878.0,2.0,0,Sale,DLD
DXB-100921,2023-06-14,International City,town house,4 BR,115.6,1200211.0,4.0,3,Mortgage,DLD
DXB-101439,2025-01-13,Jumeirah Lake Towers,Hotel Apartment,Studio,58.9,1255624.0,0.0,1,Mortgage,DLD
DXB-101462,2023-04-28,Dubai Silicon Oasis,Apartment,3 BR,126.2,1546949.0,3.0,2,Sale,DLD
DXB-100992,2026-04-18,Jumeirah Village Circle,town house,2 BR,179.2,2227913.0,2.0,1,Sale,DLD
DXB-100032,2023-03-10,Dubai Silicon Oasis,Apartment,2 BR,45.6,670536.0,2.0,0,Sale,Broker
DXB-100798,2023-01-10,Dubai Marina,Villa,3 BR,161.7,2524559.0,3.0,2,Sale,DLD
DXB-100141,11-01-2025,Palm Jumeirah,Apartment,Studio,220.8,9021973.0,0.0,3,Mortgage,Developer
DXB-100504,2023-12-17,Dubai-Marina,Apartment,3 BR,116.2,1522254.0,3.0,1,Sale,Broker
DXB-100451,2024-10-30,Dubai Marina,Penthouse,2 BR,105.6,3561526.0,2.0,0,Mortgage,DLD
DXB-100405,2025-10-01,Dubai Hills Estate,Penthouse,3 BR,60.7,2588852.0,3.0,2,Mortgage,DLD
DXB-100201,2025-08-04,Bur Dubai,Hotel Apartment,Studio,82.3,1173136.0,0.0,1,Mortgage,DLD
DXB-100730,2025-07-25,Arabian Ranches,APARTMENT,Studio,130.7,"AED 2,947,893",0.0,1,Sale,Broker
DXB-100903,2023-02-05,,Apartment,2 BR,151.1,4076063.0,2.0,2,Mortgage,DLD
DXB-101010,2026-06-22,Dubai Hills Estate,Villa ,4 BR,161.8,4461638.0,4.0,0,Sale,Broker
DXB-100333,02-19-2023,Deira,Penthouse,2 BR,25.0,297223.0,2.0,3,Sale,DLD
DXB-101213,2025-03-06,Arabian Ranches,Apartment,2 BR,115.8,1553986.0,2.0,2,Mortgage,DLD
DXB-100667,2023-10-11,JVC,Hotel Apartment,Studio,187.3,2216846.0,0.0,0,Sale, DLD 
DXB-100224,2025-08-05,International City,Apartment,1 BR,95.1,958083.0,1.0,2,Sale,Broker
DXB-100944,2023-02-27,downtown dubai,Apartment,1 BR,131.1,3368163.0,1.0,2,Sale,DLD
DXB-100570,2023-07-02,Jumeirah,Apartment,3 BR,57.1,1593058.0,3.0,2,Sale,DLD
DXB-100636,2024-05-20,Dubai Silicon Oasis,Villa,4 BR,175.6,3415347.0,4.0,3,Sale,Developer
DXB-100382,2023-07-30,Mirdif,Townhouse,3 BR,176.7,987369.0,3.0,2,Sale,DLD
DXB-101178,2025-08-20,Palm Jumeirah,APT,2 BR,149.5,4005636.0,2.0,1,Sale, Broker 
DXB-100536,2024-07-05,Dubai Marina,Apartment,3 BR,184.0,4491478.0,3.0,3,Mortgage,DLD
DXB-101427,02-07-2026,Al Barsha,APT,2 BR,133.5,2811061.0,2.0,1,Sale,DLD
DXB-100442,2026-06-05,Palm Jumeirah,TOWNHOUSE,4 BR,78.7,,4.0,1,Sale,DLD
DXB-100285,2023-09-19,Al Barsha,apartment,1 BR,375.7,6523614.0,1.0,2,Sale,DLD
DXB-101216,28/12/2024,Al Barsha,APT,Studio,5000.0,45000000,0.0,3,Sale,Broker
DXB-100895,2023-10-22,Bur Dubai,Penthouse,2 BR,125.1,2339271.0,2.0,0,Mortgage,DLD
DXB-100910,2024-07-21,Business Bay,Townhouse,2 BR,304.2,3275737.0,2.0,0,Mortgage,Broker
DXB-101285,2025-04-17,Jumeirah,Hotel Apartment,1 BR,283.0,9697700.0,1.0,3,Sale,DLD
DXB-101051,2023-06-03,Dubai Hills Estate,Apartment,1 BR,70.6,2061907.0,1.0,0,Mortgage,Developer
DXB-101370,2023-12-22,Dubai Silicon Oasis,Apartment ,3 BR,79.3,1314935.0,3.0,2,Sale,Broker
DXB-100342,04-25-2025,Downtown Dubai ,Townhouse,2 BR,59.0,2037360.0,,2,Mortgage,DLD
DXB-100383,2025-12-08,Bur Dubai,Apartment,Studio,100.6,1810345.0,0.0,0,Mortgage,Developer
DXB-101235,2025-12-31,Dubai-Marina,APT,2 BR,104.4,1969191.0,2.0,0,Mortgage,DLD
DXB-100598,10/05/2025,Jumeirah Lake Towers,Hotel Apartment,2 BR,99.2,2440272.0,2.0,3,Sale,DLD
DXB-101289,2024-06-10,Jumeirah Lake Towers,Villa,6 BR,664.5,14503390.0,,0,Sale,DLD
DXB-100894,24/04/2026,International City,Townhouse,3 BR,124.8,1033203.0,3.0,3,Sale,Broker
DXB-100886,2024-03-31,downtown dubai,Apartment,Studio,,"AED 2,765,006",0.0,2,Sale,DLD
DXB-100014,2025-06-04,Al Barsha,Apartment,3 BR,138.7,2257797.0,3.0,3,Sale,Broker
DXB-100126,2023-08-06,Deira,Apartment ,Studio,92.4,741355.0,0.0,1,Sale,DLD
DXB-101156,2024-01-25,Arabian Ranches,APT,3 BR,166.5,"AED 2,704,014",3.0,0,Sale,DLD
DXB-100172,2026-05-18,Palm Jumeirah,APT,Studio,112.7,3824597.0,0.0,2,Sale,DLD
DXB-100547,2025-07-11,Bur Dubai,apartment,2 BR,83.6,1173321.0,2.0,0,Sale,Broker
DXB-101189,2024-05-07,Bur Dubai,Villa,3 BR,63.4,1040247.0,3.0,0,Sale,DLD
DXB-101136,2025-09-12,Mirdif,Apartment,1 BR,32.5,441832.0,1.0,3,Mortgage,DLD
DXB-100674,2024-10-15,International City,Villa ,3 BR,246.5,2539863.0,3.0,1,Sale,Developer
DXB-101440,11-11-2024,JLT,APARTMENT,1 BR,291.3,5536512.0,1.0,1,Sale,DLD
DXB-100329,2025-05-07,,Apartment,1 BR,131.9,1735994.0,1.0,0,Sale,DLD
DXB-100523,27/03/2024,Jumeirah Village Circle,Villa,4 BR,125.2,2061951.0,4.0,1,Mortgage,DLD
DXB-101313,2026-02-17,Downtown Dubai,Apartment,3 BR,123.8,1883514.0,3.0,2,Sale,DLD
DXB-101041,2023-11-24,International City,Villa,3 BR,76.1,924704.0,,1,Sale,DLD
DXB-100260,2024-06-02,Palm Jumeirah,Apartment,3 BR,57.4,1514254.0,3.0,1,Sale,DLD
DXB-101270,2025-04-08,Jumeirah,Hotel Apartment,Studio,352.9,9653289.0,0.0,0,Mortgage,DLD
DXB-100386,2023-08-14,Jumeirah,villa,5 BR,168.3,3196969.0,5.0,0,Sale,DLD
DXB-100287,2024-08-07,Business Bay,Apartment,Studio,241.0,1564439.0,0.0,2,Sale,DLD
DXB-100681,08-25-2024,Dubai-Marina,apartment,3 BR,39.7,,3.0,2,Sale,DLD
DXB-100160,2025-01-04,Downtown Dubai,Apartment,3 BR,71.4,1846289.0,3.0,1,Mortgage,DLD
DXB-100131,2023-07-29,Palm Jumeirah,Hotel Apartment,Studio,93.7,3689585.0,0.0,1,Sale,DLD
DXB-101046,2023-04-19,Palm Jumeirah,APT,Studio,168.4,4111686.0,0.0,1,Sale,DLD
DXB-100351,2023-10-02,Mirdif,Apartment,2 BR,73.2,964792.0,2.0,3,Sale,DLD
DXB-100824,2024-09-06,Dubai Silicon Oasis,Townhouse,4 BR,54.6,512407.0,4.0,3,Sale,DLD
DXB-100831,2025-06-09,Business Bay,Villa ,6 BR,8000.0,85000000,6.0,1,Sale,Broker
DXB-100282,2024-04-09,Mirdif,Apartment,1 BR,142.1,2595033.0,1.0,3,Mortgage,DLD
DXB-100062,2023-01-04,Dubai Hills Estate,VILLA,3 BR,72.1,1323217.0,3.0,0,Sale,DLD
DXB-100859,2023-02-24,Palm Jumeirah,Apartment,1 BR,89.5,-500000,1.0,0,Mortgage,DLD
DXB-100356,2024-01-31,Dubai Marina,Townhouse,4 BR,62.4,1687690.0,4.0,0,Sale,DLD
DXB-101260,2024-08-08,Business Bay,Apartment,Studio,63.3,1781124.0,0.0,2,Sale,DLD
DXB-101255,2023-06-13,Jumeirah Lake Towers,Penthouse,3 BR,73.7,2162874.0,3.0,2,Sale,Broker
DXB-100044,2023-01-31,Jumeirah Village Circle,Townhouse,3 BR,102.6,1317177.0,3.0,2,Sale,DLD
DXB-100680,2023-05-09,Arabian Ranches,Apartment,3 BR,85.2,"AED 2,206,247",3.0,1,Mortgage,Broker
DXB-100336,2023-07-11,Al Barsha,Apartment,Studio,70.1,1590116.0,0.0,3,Sale,DLD
DXB-100182,2025-09-11,Jumeirah,Apartment,2 BR,166.0,5918075.0,2.0,0,Sale,DLD
DXB-100616,2025-03-29,Dubai Marina ,Townhouse,2 BR,150.3,4455863.0,2.0,0,Sale,Broker
DXB-100443,2025-05-12,Business Bay,APARTMENT,3 BR,155.1,"AED 3,962,621",3.0,1,Sale,DLD
DXB-100028,2025-07-04,Business Bay,Apartment,1 BR,108.3,2211896.0,1.0,2,Mortgage,Broker
DXB-101450,2024-03-01,Deira,Townhouse,3 BR,75.1,908798.0,3.0,2,Mortgage,Developer
DXB-100300,2026-02-17,International City,Townhouse,3 BR,177.4,811067.0,3.0,2,Sale,Developer
DXB-101333,2023-03-23,Bur Dubai,Hotel Apartment,Studio,70.8,821944.0,0.0,3, Sale ,DLD
DXB-100119,2023-11-27,Bur Dubai,Villa,6 BR,66.9,779608.0,6.0,3,Sale,DLD
DXB-100644,29-Jan-2023,Mirdif,Villa,5 BR,121.8,1847056.0,5.0,1,Sale,Broker
DXB-100880,2025-05-02,Deira,Apartment ,Studio,96.1,1074539.0,0.0,3,Mortgage,Broker
DXB-100640,08-Sep-2024,Arabian Ranches,Townhouse,3 BR,105.7,2231062.0,3.0,0,Mortgage,DLD
DXB-101382,2024-04-26,Dubai Hills Estate,Apartment,3 BR,106.8,2327210.0,3.0,1,Sale,DLD
DXB-100529,2026-03-14,Downtown Dubai ,Apartment,Studio,53.3,1581705.0,0.0,1,Sale,Developer
DXB-101234,2026-03-27,Business Bay,APT,2 BR,62.6,,2.0,2,Mortgage,DLD
DXB-101402,15/03/2023,Dubai Hills Estate,Hotel Apartment,Studio,68.7,911098.0,0.0,2,Sale,DLD
DXB-100828,2024-05-01,Arabian Ranches,Penthouse,2 BR,166.9,5965944.0,2.0,3,Mortgage,DLD
DXB-100107,2023-06-06,Dubai Hills Estate,Apartment,1 BR,219.8,6753651.0,1.0,0,Mortgage,Developer
DXB-100724,2026-03-12,Dubai Marina,Apartment,2 BR,315.3,7972042.0,2.0,1,Sale,DLD
DXB-100006,2023-05-24,Dubai Silicon Oasis,Townhouse,2 BR,72.8,752291.0,2.0,0,Sale,DLD
DXB-101304,2023-07-12,Arabian Ranches,Townhouse,2 BR,124.5,3290464.0,2.0,1,Mortgage,Broker
DXB-100261,2024-06-13,Al Barsha,Townhouse,4 BR,103.2,1702318.0,4.0,1,Sale,DLD
DXB-100569,2024-04-11,Business Bay,Apartment,3 BR,156.0,2666786.0,3.0,3,Sale,DLD
DXB-100146,2025-12-29,International City,Apartment,2 BR,195.7,2306000.0,2.0,2,Sale,DLD
DXB-100948,2024-01-30,Mirdif,Penthouse,3 BR,238.3,3473910.0,3.0,0,Sale,DLD
DXB-101453,2024-10-22,Arabian Ranches,Hotel Apartment,1 BR,94.1,2397200.0,1.0,1,Sale,DLD
DXB-101052,2026-08-29,Jumeirah,Apartment,2 BR,78.1,2359713.0,2.0,2,Sale,DLD
DXB-100579,2024-04-25,Downtown Dubai,APARTMENT,2 BR,77.9,1406448.0,2.0,3,Mortgage,Broker
DXB-101341,2025-03-28,Palm Jumeirah,Townhouse ,4 BR,136.5,7590738.0,4.0,1,Sale, DLD 
DXB-100233,2023-09-18,Dubai Marina ,VILLA,4 BR,67.9,2329811.0,4.0,2,Sale,DLD
DXB-100012,2023-06-06,Dubai Marina,Villa,3 BR,,-1000000,3.0,0,Sale,DLD
DXB-100129,2023-09-11,Jumeirah,VILLA,4 BR,428.2,13397253.0,4.0,2,Sale,Broker
DXB-101305,2025-10-03,Jumeirah,Hotel Apartment,Studio,105.3,1589303.0,0.0,1,Mortgage,DLD
DXB-100623,2023-06-21,Palm Jumeirah,Apartment,2 BR,97.9,2955662.0,2.0,0,Sale,DLD
DXB-100907,2023-04-22,Mirdif,Apartment,3 BR,51.4,697465.0,,2,Sale,DLD
DXB-100152,2023-09-25,Jumeirah Village Circle,Apartment,1 BR,165.1,2588987.0,1.0,2,Sale,Broker
DXB-100766,2023-05-03,Arabian Ranches,Apartment,2 BR,56.0,1143184.0,2.0,1,Sale,DLD
DXB-100385,2023-02-19,Business Bay,Hotel Apartment,Studio,205.3,"AED 5,255,906",0.0,0,Sale,DLD
DXB-100063,2023-06-23,Downtown Dubai,Townhouse ,2 BR,56.5,"AED 1,457,156",2.0,1,Sale,DLD
DXB-100951,2023-11-18,Business Bay,Apartment,2 BR,72.6,2076721.0,2.0,2,Sale,DLD
DXB-100208,2023-01-31,Palm Jumeirah,Apartment,3 BR,582.6,15980896.0,3.0,2,Sale,DLD
DXB-101496,2025-10-25,Jumeirah Lake Towers,Penthouse,4 BR,48.3,1285376.0,4.0,0,Sale,DLD
DXB-100463,2026-02-10,dubai marina,Apartment,Studio,66.9,1736548.0,0.0,0,Mortgage,DLD
DXB-100791,2025-03-24,Jumeirah Village Circle,Apartment,3 BR,,1829136.0,3.0,0,Mortgage,Broker
DXB-100648,2026-03-20,Mirdif,Villa,4 BR,340.4,4263396.0,4.0,0,Sale,DLD
DXB-100158,2023-10-09,Arabian Ranches,Villa,4 BR,76.3,2627773.0,4.0,2,Mortgage,DLD
DXB-100453,2024-11-29,Dubai Hills Estate,Apartment,Studio,108.5,2785554.0,0.0,1,Sale,DLD
DXB-101365,2024-07-07,Deira,Apartment,2 BR,276.6,2608709.0,2.0,2,Sale,DLD
DXB-101070,2024-07-05,Downtown Dubai,Penthouse,4 BR,376.7,11554791.0,4.0,2,Sale,DLD
DXB-100961,2026-02-17,Deira,Apartment,Studio,155.3,"AED 1,947,522",0.0,0,Mortgage,DLD
DXB-100144,2025-09-09,Jumeirah,Apartment,Studio,42.6,419119.0,0.0,3,Sale,Developer
DXB-101007,2026-07-09,International City,Apartment,Studio,117.1,1157618.0,0.0,1,Sale,Developer
DXB-100568,2025-01-27,Jumeirah,Apartment,Studio,227.5,5303762.0,0.0,3,Sale,Developer
DXB-100076,2025-01-17,Downtown Dubai,Apartment ,Studio,165.1,5303596.0,0.0,1,Sale,DLD
DXB-101161,2025-03-14,Dubai Hills Estate,VILLA,3 BR,148.9,4640719.0,3.0,3,Sale,DLD
DXB-100530,2026-08-26,Dubai Hills Estate,Villa,4 BR,51.4,1261096.0,4.0,2,Sale,DLD
DXB-100308,2024-09-09,Dubai Marina,Apartment,1 BR,68.8,"AED 1,504,673",1.0,2,Sale,DLD
DXB-101267,2023-07-30,Bur Dubai,Hotel Apartment,Studio,70.5,"AED 867,044",0.0,2,Sale,Developer
DXB-100752,2026-05-21,,Apartment,2 BR,127.4,1745617.0,2.0,3,Mortgage,DLD
DXB-101362,2024-01-27,Al Barsha,Villa ,5 BR,140.9,2882234.0,5.0,2,Sale,Developer
DXB-100431,2026-05-28,Jumeirah,Townhouse,4 BR,143.6,2972876.0,4.0,0,Mortgage,DLD
DXB-101330,2023-06-30,Jumeirah Village Circle,Townhouse,2 BR,177.2,3870991.0,2.0,1,Sale,Broker
DXB-101366,16-Apr-2026,Jumeirah village circle,Apartment,2 BR,99.1,1534107.0,2.0,0,Sale,Developer
DXB-100214,06-Apr-2025,Dubai Silicon Oasis,villa,3 BR,103.3,1245101.0,3.0,1,Sale,DLD
DXB-100707,2023-07-02,Jumeirah,town house,4 BR,46.7,1179434.0,4.0,1,Sale,DLD
DXB-100714,2025-03-05,Arabian Ranches,Townhouse,4 BR,88.6,1627345.0,4.0,1,Mortgage,DLD
DXB-100802,2023-12-15,Deira,Penthouse,2 BR,86.0,"AED 1,277,315",2.0,0,Sale,DLD
DXB-101291,2024-05-22,Bur Dubai,VILLA,3 BR,75.3,1100027.0,3.0,3,Sale,DLD
DXB-100817,2026-07-28,Deira,apartment,Studio,94.1,1074255.0,0.0,2,Sale,Developer
DXB-100266,2023-07-15,Jumeirah,Apartment,2 BR,87.4,2206879.0,2.0,0,Sale,Broker
DXB-101253,2026-08-04,Dubai Hills Estate,Villa,4 BR,137.0,"AED 5,295,368",4.0,1,Mortgage,Developer
DXB-100596,2026-02-03,Dubai Hills Estate,Villa,5 BR,103.4,1526887.0,5.0,0,Sale,Developer
DXB-100982,2025-10-18,Arabian Ranches,Townhouse ,2 BR,96.1,1284164.0,2.0,0,Sale,Broker
DXB-100002,2025-05-25,Bur Dubai,Penthouse,4 BR,25.0,500664.0,4.0,2,Sale,DLD
DXB-100947,2024-01-10,Dubai Hills Estate,Penthouse,3 BR,84.0,3599640.0,3.0,2,Sale,Developer
DXB-100467,2025-08-07,Business Bay,Hotel Apartment,1 BR,136.9,1467343.0,1.0,1,Sale,DLD
DXB-101269,2023-07-27,Al Barsha,Apartment,2 BR,148.0,2756541.0,2.0,1,Sale,Broker
DXB-101241,2024-04-04,Jumeirah Lake Towers,Apartment,2 BR,61.0,1058321.0,2.0,2,Mortgage,DLD
DXB-100594,2024-03-07,Business Bay,Apartment,1 BR,53.1,1052423.0,1.0,2,Mortgage,DLD
DXB-100116,2024-01-04,International City,Townhouse,2 BR,240.6,1988903.0,2.0,2,Sale,DLD
DXB-100956,2025-12-11,Al Barsha,town house,2 BR,73.8,1171383.0,2.0,1,Sale,Broker
DXB-100849,05-09-2026,Business Bay,Hotel Apartment,1 BR,65.4,1098460.0,1.0,2,Sale,Developer
DXB-101419,2024-11-07,Downtown Dubai,Hotel Apartment,2 BR,115.5,4044538.0,2.0,3,Mortgage,Developer
DXB-100619,2026-03-20,Downtown Dubai ,Apartment ,Studio,194.1,6898062.0,0.0,2,Sale,DLD
DXB-100610,2023-07-04,Dubai Silicon Oasis,Villa,5 BR,137.3,1121261.0,5.0,1,Sale,Developer
DXB-101480,2025-10-29,Al Barsha,Apartment,2 BR,72.7,1132529.0,2.0,3,Sale,DLD
DXB-101499,2025-01-17,Dubai Hills Estate,Villa,3 BR,147.1,3859830.0,3.0,3,Sale,Broker
DXB-100565,2024-11-11,Business Bay,Villa,5 BR,96.8,2332979.0,5.0,1,Sale,DLD
DXB-101477,2024-11-02,Dubai Hills Estate,Hotel Apartment,Studio,241.2,8900842.0,0.0,1,Mortgage,DLD
DXB-100832,2024-03-20,Deira,Apartment,1 BR,209.2,2383404.0,1.0,1,Mortgage,DLD
DXB-100316,2024-08-10,International City,apartment,3 BR,121.8,678720.0,3.0,3,Sale,DLD
DXB-100153,2024-04-24,Jumeirah,Villa,3 BR,58.0,1893418.0,3.0,2,Sale,DLD
DXB-100628,2024-07-14,Deira,Villa,5 BR,117.0,1889789.0,5.0,2,Sale,DLD
DXB-100968,2023-06-22,Dubai Silicon Oasis,Villa,5 BR,158.3,2790757.0,5.0,0,Sale,DLD
DXB-100304,2023-11-01,Downtown Dubai,Penthouse,4 BR,165.3,7626609.0,4.0,3,Sale,DLD
DXB-100128,2025-07-14,Al Barsha,Apartment,3 BR,122.7,1622953.0,3.0,1,Sale,DLD
DXB-100787,2026-03-05,Dubai Marina,apartment,3 BR,112.8,3125322.0,3.0,0,Sale,Developer
DXB-100615,2025-10-05,Palm Jumeirah,Townhouse,2 BR,72.4,2461201.0,2.0,1,Mortgage,DLD
DXB-100295,2023-07-15,Jumeirah,Hotel Apartment,Studio,154.2,"AED 4,537,534",0.0,3,Sale,DLD
DXB-100587,2025-07-29,Arabian Ranches,Apartment,Studio,73.7,1282789.0,0.0,2,Sale,Broker
DXB-100040,28-Jul-2024,Dubai Hills Estate,Apartment,2 BR,79.7,2366091.0,2.0,2,Sale,DLD
DXB-100319,2023-04-11,Dubai Marina,Hotel Apartment,2 BR,50.8,1390371.0,2.0,2,Sale,Broker
DXB-101459,2025-10-31,International City,Apartment,3 BR,60.9,904107.0,3.0,3,Sale,DLD
DXB-100360,2026-08-14,Mirdif,Hotel Apartment,Studio,149.1,2036725.0,0.0,3,Sale,DLD
DXB-100177,2026-04-08,jlt,Hotel Apartment,1 BR,125.1,2615843.0,1.0,2,Mortgage,Broker
DXB-100123,2023-09-13,International City,Apartment,Studio,86.2,930123.0,0.0,1,Sale,DLD
DXB-100124,2026-03-08,Palm Jumeirah,APARTMENT,1 BR,84.7,3061509.0,1.0,3,Sale,DLD
DXB-101390,2023-04-29,Jumeirah village circle,Hotel Apartment,2 BR,117.2,1686374.0,2.0,2,Sale,DLD
DXB-100887,2024-02-12,JVC,Apartment,3 BR,186.3,3069918.0,3.0,1,Mortgage,Developer
DXB-100971,2024-04-17,Bur Dubai,Apartment,1 BR,45.1,584631.0,1.0,1,Sale,DLD
DXB-100670,2024-06-13,Jumeirah village circle,APARTMENT,2 BR,245.2,3325966.0,2.0,1,Sale,Broker
DXB-101020,2025-01-26,Downtown Dubai,Penthouse,3 BR,87.9,"AED 2,458,563",3.0,0, Sale ,DLD
DXB-100988,2024-01-30,Palm Jumeirah,Apartment,3 BR,92.4,"AED 2,096,000",3.0,0,Sale,DLD
DXB-101031,2025-07-16,Al Barsha,Villa,6 BR,96.4,1358067.0,6.0,1,Mortgage,Developer
DXB-100654,2023-04-21,Arabian Ranches,Penthouse,4 BR,122.9,2926189.0,4.0,3,Sale,DLD
DXB-100668,2024-07-18,Palm Jumeirah,apartment,1 BR,415.6,18872485.0,1.0,3,Mortgage,Broker
DXB-101077,2026-08-12,International City,Apartment,3 BR,134.1,"AED 1,461,134",3.0,0,Sale,DLD
DXB-101336,2026-07-09,Jumeirah,Apartment,3 BR,99.4,"AED 2,598,490",3.0,0,Sale,DLD
DXB-100888,2023-03-29,Jumeirah Village Circle,Apartment,1 BR,216.5,1879585.0,1.0,1,Sale,DLD
DXB-101290,2023-01-29,Downtown Dubai,APT,2 BR,57.1,2859543.0,,3,Sale,Broker
DXB-101039,2024-04-12,Dubai Hills Estate,Apartment ,3 BR,125.1,-1000000,3.0,2,Sale,DLD
DXB-101274,2023-04-17,dubai marina,Apartment,1 BR,179.2,4466165.0,1.0,2,Sale,DLD
DXB-100396,04-03-2023,Palm Jumeirah,Townhouse,4 BR,95.2,1708536.0,4.0,2,Sale,DLD
DXB-100763,2025-08-27,International City,apartment,1 BR,74.8,753719.0,1.0,0,Mortgage,Developer
DXB-100195,2024-07-27,Jumeirah Village Circle ,Apartment,3 BR,73.7,854119.0,3.0,2,Sale,Broker
DXB-101176,2026-06-05,Jumeirah Lake Towers,APT,2 BR,111.8,2361055.0,2.0,2,Mortgage,Developer
DXB-100870,2023-01-14,Dubai-Marina,Townhouse,4 BR,129.8,3980005.0,4.0,1,Sale,Broker
DXB-100363,2023-05-29,Deira,Apartment,2 BR,140.2,"AED 1,783,957",2.0,0,Sale,DLD
DXB-100671,2025-10-12,Downtown Dubai ,villa,4 BR,114.3,3700834.0,4.0,1,Sale,Developer
DXB-100257,2023-07-17,Jumeirah Village Circle,Apartment,Studio,50.3,901684.0,0.0,2,Sale,DLD
DXB-100578,2026-04-22,Bur Dubai,Penthouse,4 BR,51.1,576086.0,4.0,2,Sale,Developer
DXB-100525,2023-07-22,Business Bay,Apartment,Studio,97.0,2313548.0,0.0,0,Sale,DLD
DXB-100541,2026-07-02,Dubai Silicon Oasis,VILLA,3 BR,53.5,708385.0,3.0,1,Sale,DLD
DXB-100447,2026-07-16,Dubai Silicon Oasis,Villa,5 BR,124.5,"AED 1,604,439",5.0,1,Sale,DLD
DXB-100262,2023-04-16,Jumeirah,Apartment,Studio,196.8,5406944.0,0.0,3,Mortgage,DLD
DXB-100597,2024-01-16,Dubai Silicon Oasis,Villa,4 BR,259.5,4990993.0,4.0,1,Sale,DLD
DXB-101104,2024-05-11,Downtown Dubai,Apartment,2 BR,108.9,1359686.0,2.0,1,Sale,Developer
DXB-101054,22/05/2024,Dubai Marina,APARTMENT,2 BR,140.0,2595695.0,2.0,2,Sale,Developer
DXB-101005,2026-07-21,Mirdif,Apartment,3 BR,114.1,1598217.0,3.0,1,Sale,DLD
DXB-101316,2024-09-11,Mirdif,Villa,4 BR,246.2,3550275.0,4.0,1,Mortgage,DLD
DXB-100080,2024-09-24,Palm Jumeirah,Villa,3 BR,117.4,3555572.0,3.0,1,Mortgage,DLD
DXB-101198,2023-02-28,Mirdif,Apartment,2 BR,72.1,1289351.0,2.0,1,Sale,DLD
DXB-100015,22-Apr-2023,Palm Jumeirah,Apartment,3 BR,0.0,-500000,3.0,3,Mortgage,DLD
DXB-101393,2024-09-14,Downtown Dubai,APT,1 BR,195.3,6763876.0,1.0,1,Sale,DLD
DXB-100916,2024-11-02,downtown dubai,APARTMENT,1 BR,70.4,1949512.0,1.0,0,Sale,DLD
DXB-100837,2026-02-09,Dubai Silicon Oasis,Hotel Apartment,1 BR,86.3,"AED 1,471,402",1.0,1,Sale,DLD
DXB-100917,2024-08-23,Deira,APT,Studio,152.2,"AED 1,529,298",0.0,3,Mortgage,DLD
DXB-100065,2024-05-07,Dubai Silicon Oasis,Villa,4 BR,172.6,2727047.0,4.0,0,Mortgage,Developer
DXB-101066,2024-02-12,Deira,Apartment,Studio,55.2,521751.0,0.0,1,Sale,DLD
DXB-100666,2023-06-24,Dubai Silicon Oasis,TOWNHOUSE,4 BR,237.0,2401014.0,4.0,0,Mortgage,DLD
DXB-100515,2024-09-20,Mirdif,Apartment,3 BR,81.8,0,3.0,0,Sale,DLD
DXB-101228,2025-02-27,Dubai Hills Estate,Hotel Apartment,1 BR,53.0,"AED 1,475,863",1.0,1,Mortgage,Developer
DXB-100058,2026-03-28,Dubai Hills Estate,Apartment,3 BR,269.1,5062133.0,3.0,0,Sale,DLD
DXB-100401,2023-10-09,Bur Dubai,Hotel Apartment,1 BR,113.4,894007.0,1.0,2,Mortgage,Broker
DXB-100088,2023-11-04,Business Bay,Apartment,2 BR,251.1,5611460.0,2.0,2,Sale,DLD
DXB-100053,2026-02-05,Dubai Hills Estate,Villa,5 BR,123.4,4908614.0,5.0,2,Mortgage,DLD
DXB-100025,2024-04-11,International City,Apartment,1 BR,121.7,1031407.0,1.0,3,Mortgage,DLD
DXB-101468,2025-10-15,Bur Dubai,Villa,3 BR,85.1,1099675.0,3.0,3,Sale,DLD
DXB-100254,2024-10-21,Business Bay,Apartment,Studio,73.9,955920.0,0.0,3,Mortgage,DLD
DXB-101288,29-Jan-2026,Jumeirah,Apartment,2 BR,148.2,4479021.0,2.0,1,Sale,DLD
DXB-101168,2024-07-15,Al Barsha,Townhouse,4 BR,120.8,2744290.0,4.0,3,Sale,DLD
DXB-101460,18/10/2025,Downtown Dubai,TOWNHOUSE,2 BR,66.2,2514772.0,2.0,0,Mortgage,Broker
DXB-100017,2023-05-09,Business Bay,Apartment,Studio,99999.0,966547.0,0.0,1,Mortgage,DLD
DXB-100686,2025-04-02,Downtown Dubai,apartment,3 BR,95.0,3083848.0,3.0,1,Mortgage,Broker
DXB-100703,2024-06-12,Bur Dubai,Penthouse,4 BR,95.1,1733871.0,4.0,3,Sale,Broker
DXB-100996,2024-04-24,Dubai Marina,VILLA,6 BR,72.6,2952783.0,6.0,3,Mortgage,DLD
DXB-100978,2026-05-31,Dubai Silicon Oasis,Apartment,Studio,416.7,7138251.0,0.0,2,Mortgage,Broker
DXB-101249,2023-11-10,Dubai Hills Estate,Hotel Apartment,Studio,50.4,1197129.0,0.0,0,Mortgage,DLD
DXB-101049,2023-01-24,Palm Jumeirah,Apartment,3 BR,90.3,2937792.0,3.0,0,Sale,DLD
DXB-101071,2023-12-10,Jumeirah,Villa,5 BR,241.4,7125484.0,5.0,3,Sale,DLD
DXB-100412,2025-10-10,Business Bay,Apartment,Studio,96.8,2438664.0,0.0,1,Sale,Developer
DXB-100973,2023-06-08,Business Bay,Hotel Apartment,Studio,45.7,616768.0,0.0,1,Sale,Broker
DXB-100096,2026-08-15,jvc,apartment,3 BR,127.8,2436441.0,3.0,0,Mortgage,DLD
DXB-100957,2023-08-03,Jumeirah,Apartment,1 BR,56.3,1987828.0,1.0,2,Mortgage,DLD
DXB-100070,2024-11-22,Palm Jumeirah,Apartment,2 BR,46.9,1822311.0,2.0,3,Sale,DLD
DXB-100481,2024-12-12,Business Bay,Apartment,3 BR,59.8,1608233.0,,2, Sale ,DLD
DXB-100881,09-06-2025,Business Bay,Villa,6 BR,206.8,4890346.0,6.0,1,Mortgage,DLD
DXB-101169,2024-03-21,Arabian Ranches,Apartment,2 BR,71.7,"AED 1,793,743",2.0,3,Sale,Broker
DXB-101408,2024-01-08,Business Bay,Penthouse,4 BR,203.8,5297110.0,4.0,2,Sale,DLD
DXB-100137,2025-03-30,Al Barsha,Apartment,1 BR,176.4,2784391.0,1.0,0,Sale,DLD
DXB-100249,2024-11-08,Dubai Hills Estate,Apartment,1 BR,74.3,1524181.0,1.0,2,Sale,DLD
DXB-100970,2024-09-24,Al Barsha,APARTMENT,2 BR,96.8,1570103.0,2.0,2,Mortgage,DLD
DXB-101418,2023-04-25,Arabian Ranches,Penthouse,4 BR,58.5,2163461.0,4.0,2,Sale,Developer
DXB-100099,2024-03-01,Jumeirah Lake Towers,Hotel Apartment,2 BR,55.9,1652849.0,2.0,2,Sale,Developer
DXB-100776,26-Feb-2023,Al Barsha,Villa,3 BR,94.3,1170071.0,3.0,2,Mortgage,DLD
DXB-100294,2023-03-04,Jumeirah Village Circle,Townhouse,3 BR,106.2,1151634.0,3.0,3,Sale,Developer
DXB-100625,2026-07-31,Jumeirah,Apartment,2 BR,151.4,3884783.0,2.0,2,Mortgage,DLD
DXB-100223,2023-12-18,Jumeirah,Hotel Apartment,Studio,477.9,10185440.0,0.0,2,Sale,DLD
DXB-100154,2026-06-05,Downtown Dubai ,apartment,Studio,66.8,2563361.0,0.0,3,Sale,DLD
DXB-100502,2025-09-27,Jumeirah Lake Towers,Hotel Apartment,1 BR,146.8,2495867.0,1.0,1,Mortgage,DLD
DXB-100456,2024-03-29,Jumeirah,Hotel Apartment,Studio,83.0,2924938.0,0.0,0,Sale,Developer
DXB-101085,2023-11-24,,Townhouse,4 BR,92.2,"AED 1,153,001",4.0,3,Sale,DLD
DXB-100548,2026-05-05,JLT,Townhouse,2 BR,179.3,"AED 3,732,399",2.0,3,Mortgage,Broker
DXB-101078,2025-08-26,Business Bay,Villa,4 BR,126.6,3023026.0,,0,Sale,DLD
DXB-100939,2026-02-06,Al Barsha,apartment,2 BR,84.0,1338472.0,2.0,3,Sale,DLD
DXB-100657,2023-09-18,Bur Dubai,Apartment,Studio,107.0,1409435.0,0.0,3,Sale,DLD
DXB-101243,2023-06-14,Dubai Marina,Apartment ,1 BR,137.8,1824798.0,1.0,1,Mortgage,DLD
DXB-101137,2025-04-21,Business Bay,Apartment ,1 BR,97.4,2451966.0,1.0,3,Sale,DLD
DXB-100522,2025-01-21,Deira,APARTMENT,2 BR,69.0,1224074.0,2.0,0,Sale,Broker
DXB-100167,2026-06-01,jlt,Townhouse,2 BR,62.9,1479990.0,2.0,1,Mortgage,DLD
DXB-100673,2024-08-04,Dubai-Marina,Villa,4 BR,44.4,1404477.0,4.0,2,Sale,DLD
DXB-100780,2024-04-24,dubai marina,Apartment,2 BR,114.9,2302794.0,2.0,3,Sale,Broker
DXB-101310,2024-12-31,Al Barsha,Apartment,2 BR,72.7,1370207.0,2.0,1,Sale,DLD
DXB-100023,20-Nov-2023,Jumeirah Village Circle ,Penthouse,4 BR,147.3,2357894.0,4.0,2,Sale,Developer
DXB-100600,2024-04-29,,Apartment,2 BR,133.4,"AED 4,265,192",2.0,3,Sale,DLD
DXB-100199,2026-08-19,Business Bay,Apartment,Studio,113.1,1816487.0,0.0,0,Sale,DLD
DXB-100789,2024-06-21,Jumeirah Lake Towers,villa,4 BR,183.9,5349909.0,4.0,0,Mortgage,DLD
DXB-100245,2024-09-07,Deira,Penthouse,2 BR,155.2,1875577.0,2.0,2,Sale,DLD
DXB-101153,2025-06-15,Mirdif,Apartment,1 BR,70.1,780327.0,1.0,1,Sale,DLD
DXB-101164,2024-12-26,Arabian Ranches,Apartment,2 BR,172.4,3057069.0,2.0,3,Sale,DLD
DXB-101129,2023-02-01,Palm Jumeirah,Hotel Apartment,Studio,99999.0,2987984.0,0.0,1,Sale,DLD
DXB-100143,2024-03-12,Dubai Silicon Oasis,Villa,3 BR,109.4,,3.0,0,Sale,DLD
DXB-100419,2025-01-20,Jumeirah Lake Towers,Hotel Apartment,1 BR,173.1,5332772.0,1.0,2,Sale,DLD
DXB-100377,2024-08-29,,Apartment,1 BR,83.2,1096382.0,1.0,0,Sale,Broker
DXB-100697,2023-04-18,Palm Jumeirah,Villa,6 BR,164.0,4679837.0,6.0,1,Mortgage,DLD
DXB-100585,2025-01-11,Business Bay,villa,4 BR,110.7,1850860.0,4.0,0,Sale,Broker
DXB-101181,2025-12-15,Dubai Hills Estate,Apartment,3 BR,70.5,2043352.0,3.0,0,Sale,DLD
DXB-100950,2024-04-21,Dubai Hills Estate,APARTMENT,1 BR,217.0,5773199.0,1.0,3,Mortgage,Developer
DXB-100822,2023-01-19,Dubai Silicon Oasis,Apartment,2 BR,83.7,744232.0,2.0,2,Mortgage,Broker
DXB-100225,2025-04-14,Jumeirah,Hotel Apartment,1 BR,49.3,1133438.0,1.0,0,Mortgage,DLD
DXB-100857,2025-11-01,Dubai-Marina,Penthouse,4 BR,84.6,2878290.0,4.0,2,Sale,DLD
DXB-100520,2023-12-22,Deira,Penthouse,4 BR,163.5,1406189.0,4.0,0,Sale,DLD
DXB-100271,2025-10-01,Palm Jumeirah,Apartment,3 BR,139.2,5327897.0,3.0,0,Sale,Broker
DXB-101382,2024-04-26,Dubai Hills Estate,Apartment,3 BR,106.8,2327210.0,3.0,1,Sale,DLD
DXB-101127,31-May-2024,Downtown Dubai,Villa,3 BR,125.8,5675820.0,3.0,0,Sale,DLD
DXB-100736,2026-02-15,Dubai Hills Estate,Apartment ,2 BR,118.5,4486185.0,2.0,1,Sale,DLD
DXB-100726,2023-11-24,Downtown Dubai,APT,1 BR,110.2,1447172.0,1.0,2,Sale,Broker
DXB-100436,2025-05-11,Jumeirah Lake Towers,APARTMENT,3 BR,117.8,2279685.0,3.0,0, Sale ,DLD
DXB-100643,2023-07-28,Al Barsha,Apartment ,2 BR,132.5,2369424.0,2.0,3,Mortgage,DLD
DXB-100480,2023-03-30,Jumeirah,Apartment,3 BR,90.3,"AED 1,656,433",3.0,3,Sale,DLD
DXB-100248,2023-03-11,Jumeirah Village Circle,Apartment,3 BR,48.2,"AED 693,799",3.0,3,Mortgage,DLD
DXB-100821,2023-12-07,Dubai Marina,Villa,6 BR,97.0,3002559.0,6.0,1, Mortgage ,Broker
DXB-101256,2024-04-02,Jumeirah Lake Towers ,TOWNHOUSE,2 BR,353.2,5439025.0,2.0,2,Sale,DLD
DXB-100664,2024-09-02,Al Barsha,Apartment,1 BR,80.3,2052702.0,1.0,1,Sale,DLD
DXB-100305,2024-08-28,Business Bay,Apartment,3 BR,181.3,,3.0,3,Sale,DLD
DXB-101133,03/10/2023,,Villa ,4 BR,69.9,1738850.0,4.0,0,Sale,DLD
DXB-100847,2025-02-24,Dubai Hills Estate,Villa,4 BR,135.1,2335201.0,4.0,2,Mortgage,DLD
DXB-100376,2025-08-22,Al Barsha,Hotel Apartment,1 BR,86.1,1481624.0,1.0,2,Mortgage,Broker
DXB-100301,2024-10-12,Business Bay,Apartment,2 BR,84.2,1573729.0,2.0,3, Mortgage ,DLD
DXB-101170,16-Aug-2025,Dubai Hills Estate,APARTMENT,1 BR,304.2,8091473.0,1.0,1,Sale,DLD
DXB-100213,2025-12-22,Mirdif,town house,3 BR,174.1,2334337.0,,2,Sale,DLD
DXB-101165,2025-11-21,Arabian Ranches,Penthouse,3 BR,139.8,"AED 4,370,935",3.0,2,Sale,DLD
DXB-101287,2024-08-24,,Apartment,2 BR,268.4,3259846.0,2.0,2,Sale,Broker
DXB-100362,2026-01-10,Dubai Marina,Apartment ,3 BR,3500.0,85000000,3.0,0,Sale,DLD
DXB-101089,2025-12-18,Mirdif,APARTMENT,3 BR,52.1,539149.0,3.0,1,Sale,Developer
DXB-101142,2024-02-06,Jumeirah Village Circle,Townhouse,4 BR,69.9,1009189.0,4.0,2,Sale,DLD
DXB-100101,2023-11-25,Downtown Dubai,Villa,6 BR,-25.0,6417414.0,6.0,0,Mortgage,DLD
DXB-100020,2024-11-28,Dubai Hills Estate,Townhouse,4 BR,27.6,"AED 775,716",4.0,1,Sale,DLD
DXB-100022,2023-05-27,Dubai Hills Estate,Hotel Apartment,1 BR,62.8,2665508.0,1.0,0,Sale,DLD
DXB-101008,2024-04-16,Jumeirah Village Circle,Villa ,5 BR,93.0,1002344.0,5.0,2,Mortgage,Broker
DXB-100685,21-Mar-2026,JVC,Apartment,2 BR,133.2,1539210.0,2.0,2,Sale,DLD
DXB-100542,2024-07-16,Downtown Dubai,Townhouse,3 BR,153.8,3806984.0,3.0,1,Sale,DLD
DXB-100236,2025-10-27,Dubai Hills Estate,APARTMENT,Studio,57.2,"AED 1,116,485",0.0,3,Sale,DLD
DXB-100827,2026-08-20,Dubai Silicon Oasis,APARTMENT,Studio,86.1,1261810.0,0.0,3,Mortgage,DLD
DXB-100799,2023-03-02,dubai marina,Villa,6 BR,525.8,11763030.0,6.0,0,Sale,DLD
DXB-100171,2025-01-22,Mirdif,Apartment,2 BR,105.8,1331516.0,2.0,2,Sale,DLD
DXB-100472,2023-02-25,Jumeirah,APARTMENT,3 BR,55.4,1829073.0,,0,Sale,DLD
DXB-101258,2026-04-07,International City,Apartment,2 BR,172.8,"AED 1,560,297",2.0,1,Sale,DLD
DXB-100498,2024-05-16,downtown dubai,apartment,2 BR,237.9,5125223.0,2.0,1,Mortgage,DLD
DXB-100738,25-Jan-2023,Arabian Ranches,Apartment,3 BR,146.9,3100026.0,3.0,1, Sale ,Developer
DXB-100562,2024-07-17,Palm Jumeirah,Townhouse,3 BR,107.4,4637957.0,3.0,3,Mortgage,DLD
DXB-100769,2023-10-29,Dubai Hills Estate,Villa,5 BR,73.1,1564905.0,5.0,2,Sale,DLD
DXB-100861,2026-06-16,International City,Townhouse ,4 BR,,520265.0,4.0,1,Mortgage,DLD
DXB-100906,2023-11-08,Arabian Ranches,apartment,2 BR,100.2,2776511.0,2.0,1,Mortgage,Developer
DXB-101232,2023-09-15,International City,APARTMENT,3 BR,130.0,1256273.0,3.0,3,Mortgage,Broker
DXB-100994,2023-12-25,Al Barsha,Hotel Apartment,2 BR,50.3,901811.0,2.0,3,Sale,DLD
DXB-100317,2024-04-16,Dubai Hills Estate,Villa,4 BR,206.9,7034159.0,4.0,1,Sale, DLD 
DXB-100637,2025-03-15,Al Barsha,Villa,5 BR,163.9,2688443.0,5.0,3,Sale,Broker
DXB-100367,2023-11-25,Jumeirah Lake Towers ,VILLA,4 BR,148.8,3254594.0,4.0,2,Sale,DLD
DXB-100603,2026-03-18,International City,Villa,4 BR,184.1,2469612.0,4.0,1,Sale,DLD
DXB-100853,2025-02-14,Dubai Hills Estate,Hotel Apartment,1 BR,91.7,1838088.0,1.0,3,Sale,DLD
DXB-100299,2023-06-01,Deira,Villa,5 BR,60.9,1278655.0,5.0,0,Sale,DLD
DXB-101215,2026-01-08,Mirdif,Apartment,1 BR,103.1,804052.0,1.0,0,Mortgage,Broker
DXB-100048,2024-12-18,Jumeirah Village Circle,Villa,5 BR,257.2,4109231.0,5.0,1,Sale,Developer
DXB-101414,28/01/2024,Al Barsha,Apartment,2 BR,31.8,701404.0,2.0,2,Mortgage,DLD
DXB-100259,2025-06-25,Palm Jumeirah,villa,5 BR,,4581034.0,5.0,1,Sale,Broker
DXB-100147,2025-09-08,Deira,apartment,Studio,85.1,907778.0,0.0,3,Sale,Broker
DXB-100134,2024-09-13,Arabian Ranches,Villa,3 BR,139.7,3625343.0,3.0,3,Sale, Developer 
DXB-100756,12-21-2023,International City,Apartment,Studio,231.0,1689557.0,0.0,3,Sale,Broker
DXB-101351,2023-12-29,Dubai Silicon Oasis,Townhouse,3 BR,,1176732.0,3.0,2,Mortgage,Broker
DXB-100991,13/12/2024,Jumeirah,Townhouse,4 BR,110.7,3453097.0,4.0,0,Sale,Developer
DXB-100378,2024-05-10,Deira,Apartment,2 BR,157.0,1659325.0,2.0,3,Mortgage,DLD
DXB-100875,2025-10-04,International City,Penthouse,4 BR,104.1,1861204.0,4.0,0,Sale,Developer
DXB-100980,2025-08-19,Palm Jumeirah,Hotel Apartment,2 BR,53.2,2293100.0,2.0,3,Sale,DLD
DXB-100193,2024-06-09,Jumeirah Village Circle,Townhouse,4 BR,107.4,1369630.0,4.0,1,Sale,Developer
DXB-100407,2023-03-21,International City,Townhouse,4 BR,90.8,988102.0,4.0,3,Mortgage,DLD
DXB-101303,2024-01-04,dubai marina,Apartment,3 BR,123.0,3080403.0,3.0,1,Sale,DLD
DXB-100607,2024-09-11,Arabian Ranches,Apartment,3 BR,121.2,2621540.0,3.0,1,Sale,DLD
DXB-100030,2023-03-10,Arabian Ranches,TOWNHOUSE,2 BR,73.3,1406021.0,2.0,2,Mortgage,DLD
DXB-100003,2024-04-24,Mirdif,Villa,6 BR,41.6,554454.0,6.0,3,Sale,DLD
DXB-100136,2023-12-22,Dubai Silicon Oasis,Hotel Apartment,2 BR,69.1,1075002.0,2.0,0,Sale,DLD
DXB-100580,2025-04-17,Bur Dubai,Apartment,1 BR,198.7,3450179.0,1.0,2,Mortgage,DLD
DXB-100482,2024-04-13,Jumeirah,Villa,3 BR,114.0,3388221.0,3.0,2,Sale,DLD
DXB-100392,2025-04-05,Jumeirah,Villa,3 BR,128.5,3118400.0,3.0,3,Sale,DLD
DXB-100115,2023-12-19,Al Barsha,Penthouse,3 BR,179.3,4055258.0,3.0,3,Sale,DLD
DXB-101074,2023-08-10,Jumeirah Lake Towers,Penthouse,4 BR,142.4,2520326.0,4.0,1,Sale,DLD
DXB-101346,2023-05-31,Dubai Marina,Apartment ,Studio,64.9,1241505.0,0.0,1,Sale,DLD
DXB-101190,2023-11-25,Palm Jumeirah,Apartment,1 BR,133.8,2507350.0,1.0,2,Mortgage,DLD
DXB-100806,2024-07-19,Downtown Dubai,Villa ,4 BR,84.7,2591495.0,4.0,3,Sale,DLD
DXB-101431,2024-03-13,Downtown Dubai ,VILLA,5 BR,33.0,897991.0,5.0,1,Sale,DLD
DXB-101343,2024-12-05,Business Bay,Villa,3 BR,167.6,4106178.0,3.0,2,Mortgage,Broker
DXB-100077,2024-07-05,Deira,villa,3 BR,402.6,5061659.0,3.0,2,Sale,Developer
DXB-100278,2024-01-05,Mirdif,Penthouse,2 BR,106.3,1599031.0,2.0,3,Sale,Broker
DXB-100972,2023-05-27,Downtown Dubai,Apartment,3 BR,422.2,15182888.0,3.0,0,Mortgage,Developer
DXB-100718,2025-05-11,Arabian Ranches,Villa,3 BR,126.6,3079229.0,3.0,0,Sale,DLD
DXB-100764,2025-12-18,Palm Jumeirah,Hotel Apartment,2 BR,100.4,2484042.0,2.0,3,Sale,DLD
DXB-101275,24/04/2025,Jumeirah,Apartment,3 BR,203.8,5349838.0,3.0,3,Sale,DLD
DXB-100696,2023-12-14,Jumeirah Lake Towers,Townhouse ,4 BR,155.5,3148686.0,4.0,3,Mortgage,Broker
DXB-101442,2026-07-31,Arabian Ranches,apartment,Studio,32.7,"AED 902,423",0.0,1,Sale,DLD
DXB-100885,2023-10-09,Palm Jumeirah,Apartment,3 BR,259.4,4346132.0,3.0,3,Sale,DLD
DXB-101244,2024-10-26,Dubai Hills Estate,apartment,Studio,132.3,3522631.0,0.0,2,Sale,Broker
DXB-100645,2025-01-15,Al Barsha,Penthouse,4 BR,149.4,3959941.0,4.0,2,Mortgage,Developer
DXB-101433,2025-08-14,Downtown Dubai,Apartment ,1 BR,140.7,3643411.0,,2,Sale,Broker
DXB-100081,2024-06-01,,Apartment,3 BR,189.2,2264163.0,3.0,2,Mortgage,DLD
DXB-100836,2024-03-11,jvc,Townhouse ,4 BR,166.1,1987612.0,4.0,0,Sale,Developer
DXB-100016,15-Jun-2026,Al Barsha,Villa,4 BR,209.2,3903958.0,4.0,1,Mortgage,DLD
DXB-100202,2025-03-02,Jumeirah,Apartment ,2 BR,59.2,1044511.0,,2,Sale,DLD
DXB-100959,2024-05-25,Business Bay,apartment,3 BR,30.4,374600.0,3.0,1,Sale,Developer
DXB-101376,2025-06-02,Jumeirah Lake Towers,Villa,6 BR,29.7,"AED 482,367",6.0,1,Sale,Broker
DXB-100140,2024-06-15,Al Barsha,Apartment,3 BR,168.0,3019393.0,3.0,3,Sale,Developer
DXB-100778,2024-06-30,Mirdif,Townhouse ,3 BR,158.8,2560847.0,3.0,3,Sale,DLD
DXB-100912,2024-02-15,JVC,Hotel Apartment,1 BR,30.5,"AED 385,215",,2,Mortgage,DLD
DXB-100788,2025-12-05,Mirdif,Townhouse ,2 BR,161.3,1109953.0,2.0,1, Sale ,DLD
DXB-100679,2023-07-30,Jumeirah,APARTMENT,1 BR,79.9,2018803.0,1.0,1,Sale,DLD
DXB-101249,2023-11-10,Dubai Hills Estate,Hotel Apartment,Studio,50.4,1197129.0,0.0,0,Mortgage,DLD
DXB-101026,2024-03-16,Business Bay,Hotel Apartment,1 BR,69.7,1908512.0,1.0,2,Sale,Developer
DXB-100624,2026-05-16,Deira,Hotel Apartment,Studio,137.7,1570414.0,0.0,1,Sale,DLD
DXB-100162,2024-11-15,Jumeirah Village Circle,Apartment,Studio,58.9,1006551.0,0.0,3,Sale,Broker
DXB-100113,2025-08-28,Bur Dubai,Villa,5 BR,143.6,659958.0,5.0,1,Sale,Broker
DXB-101128,2025-05-22,Dubai Silicon Oasis,Villa,4 BR,197.3,4770509.0,4.0,3,Sale,Broker
DXB-101407,2025-08-25,Jumeirah Village Circle,APARTMENT,3 BR,35.8,429455.0,3.0,0,Mortgage,DLD
DXB-100207,2024-07-30,Deira,Villa,5 BR,99.1,1839920.0,5.0,3,Sale,DLD
DXB-100962,2025-07-25,International City,Apartment,2 BR,45.6,521498.0,2.0,3,Sale,DLD
DXB-100519,2024-05-22,Bur Dubai,town house,3 BR,319.7,4029239.0,3.0,3,Mortgage,DLD
DXB-101266,2024-07-29,Dubai Hills Estate,APT,1 BR,131.0,1713414.0,1.0,1,Sale,DLD
DXB-101292,2024-06-08,Al Barsha,Villa,4 BR,138.4,2704270.0,4.0,1,Sale,DLD
DXB-100043,2024-12-20,Al Barsha,Apartment,2 BR,71.4,1231198.0,2.0,1,Mortgage,Developer
DXB-100018,2025-07-08,Dubai Silicon Oasis,Townhouse,4 BR,166.5,2125888.0,4.0,3,Sale,DLD
DXB-101484,2023-06-15,Al Barsha,Villa,3 BR,130.5,2514942.0,3.0,0,Mortgage,DLD
DXB-101284,2024-12-04,downtown dubai,Hotel Apartment,1 BR,143.0,3810573.0,1.0,3, Sale ,Broker
DXB-100454,2025-03-19,Deira,Apartment,1 BR,83.5,1365954.0,1.0,3,Sale,DLD
DXB-100430,2026-04-21,Business Bay,Hotel Apartment,Studio,66.0,1663022.0,0.0,0,Sale,DLD
DXB-100476,07-06-2023,Dubai Silicon Oasis,APARTMENT,2 BR,107.5,1360166.0,2.0,1,Mortgage,DLD
DXB-101095,2024-07-26,Dubai Silicon Oasis,apartment,1 BR,100.2,1224677.0,1.0,3,Sale,DLD
DXB-101012,2025-03-28,Arabian Ranches,apartment,3 BR,106.9,1900491.0,3.0,1,Sale,DLD
DXB-101090,2024-03-30,Jumeirah,apartment,Studio,47.1,1438804.0,0.0,0,Sale,Developer
DXB-100005,02-Apr-2023,Dubai Hills Estate,Hotel Apartment,1 BR,88.2,1505920.0,1.0,2,Mortgage,DLD
DXB-100528,2024-12-06,jvc,Townhouse,4 BR,50.6,862793.0,4.0,1,Sale,DLD
DXB-100420,2025-11-10,Al Barsha,Villa,6 BR,70.6,735898.0,6.0,0,Sale,DLD
DXB-101214,2023-02-22,Arabian Ranches,Apartment,3 BR,329.3,5608563.0,3.0,2,Mortgage,DLD
DXB-100369,2026-03-30,Downtown Dubai ,Penthouse,4 BR,184.3,6916784.0,4.0,0,Sale,DLD
DXB-100272,2024-04-07,International City,Apartment,Studio,91.1,1031615.0,0.0,3,Sale, Broker 
DXB-100102,2026-07-22,Dubai Marina,Apartment,1 BR,143.7,3529365.0,1.0,3,Mortgage,Broker
DXB-100275,2025-03-12,Bur Dubai,Apartment,Studio,192.8,1883918.0,0.0,1,Mortgage,DLD
DXB-100269,2023-02-13,Mirdif,Apartment,Studio,92.9,658402.0,0.0,1,Sale,DLD
DXB-100353,2024-07-28,Arabian Ranches,VILLA,3 BR,52.1,867404.0,3.0,2,Sale,Broker
DXB-100325,2026-01-27,Jumeirah,VILLA,4 BR,67.9,1482212.0,4.0,0,Sale,Broker
DXB-100758,2026-08-12,Downtown Dubai ,Apartment,2 BR,104.9,3300889.0,2.0,3,Sale,Broker
DXB-100070,2024-11-22,Palm Jumeirah,Apartment,2 BR,46.9,1822311.0,2.0,3,Sale,DLD
DXB-100466,2023-02-17,Dubai Silicon Oasis,Villa,3 BR,83.8,"AED 1,109,797",3.0,1,Mortgage,DLD
DXB-100046,2024-05-27,Arabian Ranches,Apartment,2 BR,389.5,9232026.0,2.0,1,Sale,Developer
DXB-101233,2026-04-09,Business Bay,Villa,4 BR,58.8,1510871.0,4.0,2,Mortgage,DLD
DXB-100651,2023-10-06,Downtown Dubai ,Penthouse,3 BR,130.3,"AED 5,779,212",3.0,2,Sale,DLD
DXB-100397,17/02/2023,Mirdif,Apartment,2 BR,111.1,966264.0,2.0,0,Sale,DLD
DXB-100050,2025-09-26,Deira,Apartment ,Studio,126.8,1568638.0,0.0,3,Mortgage,DLD
DXB-100408,2024-06-06,International City,Apartment,3 BR,167.4,1241794.0,3.0,3,Mortgage,Broker
DXB-101021,2023-01-05,Dubai Marina,TOWNHOUSE,3 BR,111.5,2156481.0,3.0,2, Sale ,Developer
DXB-100539,2025-05-04,Deira,Townhouse,2 BR,200.8,"AED 3,076,791",2.0,1,Mortgage,DLD
DXB-100004,2026-04-05,Arabian Ranches,Apartment ,Studio,240.3,6252024.0,0.0,2,Sale,DLD
DXB-100516,2026-02-05,Jumeirah Village Circle,Apartment,Studio,107.7,1831239.0,0.0,3,Sale,Developer
DXB-100960,2024-08-07,Mirdif,Apartment,3 BR,61.5,631942.0,3.0,0,Sale,Developer
DXB-101378,2025-12-14,Jumeirah Village Circle,villa,5 BR,112.3,2024657.0,5.0,3,Sale,DLD
DXB-101371,2025-03-02,jvc,Hotel Apartment,1 BR,110.6,1546698.0,1.0,2,Mortgage,DLD
DXB-100532,2023-05-05,Dubai Marina,Apartment ,1 BR,342.1,7939398.0,1.0,2,Sale,Developer
DXB-100676,2024-11-27,Dubai Hills Estate,Hotel Apartment,Studio,107.6,"AED 3,253,638",0.0,0,Mortgage,DLD
DXB-100617,2023-08-21,,APARTMENT,1 BR,73.1,2616653.0,1.0,1, Mortgage ,DLD
DXB-100878,2023-01-19,Jumeirah Village Circle,Villa,4 BR,93.0,1113557.0,4.0,0,Sale,Broker
DXB-100659,2025-08-27,Al Barsha,Apartment,3 BR,296.1,3189635.0,,2,Sale,DLD
DXB-100474,2026-04-02,JLT,Apartment,3 BR,275.6,3956014.0,3.0,0,Sale,Developer
DXB-101114,18/05/2025,Jumeirah Lake Towers,Hotel Apartment,1 BR,80.5,2048750.0,1.0,0,Sale,Developer
DXB-100722,2026-03-09,Jumeirah,Apartment,3 BR,,2619879.0,3.0,2,Sale,DLD
DXB-100358,16/02/2025,Jumeirah Village Circle,Apartment,1 BR,128.1,399952.0,1.0,2,Sale,Broker
DXB-100725,2026-02-17,Mirdif,Apartment,1 BR,66.8,"AED 730,648",1.0,0,Sale, DLD 
DXB-100434,2026-06-23,Business Bay,Apartment ,1 BR,94.1,1785906.0,1.0,1,Mortgage,DLD
DXB-101319,2026-08-01,Dubai Marina,Penthouse,3 BR,143.4,5572240.0,3.0,3,Sale,DLD
DXB-101458,2024-01-03,Downtown Dubai,Hotel Apartment,1 BR,222.4,"AED 9,559,385",1.0,3,Sale,DLD
DXB-100720,2023-06-11,International City,Apartment ,1 BR,163.3,,1.0,3,Sale,DLD
DXB-100804,2024-10-09,Dubai Marina,Apartment ,Studio,257.1,"AED 6,270,446",0.0,3,Sale,DLD
DXB-100855,2026-03-20,,Apartment,3 BR,292.9,7793235.0,3.0,2,Sale,Broker
DXB-101360,04-29-2024,Dubai Marina,Villa ,5 BR,222.5,7376300.0,5.0,1,Sale,DLD
DXB-101326,2024-06-11,Deira,Apartment,Studio,89.7,250000.0,0.0,0,Mortgage,DLD
DXB-100675,2026-06-21,Palm Jumeirah,APARTMENT,Studio,169.5,5134728.0,0.0,3,Sale,Developer
DXB-100649,2023-08-04,Jumeirah,Apartment,2 BR,114.8,2965075.0,2.0,2,Sale,Broker
DXB-101009,03-Jan-2026,Downtown Dubai,Apartment,3 BR,69.4,2288556.0,3.0,0,Sale,Broker
DXB-101397,2024-11-22,Business Bay,Hotel Apartment,2 BR,302.0,4878945.0,2.0,0,Sale,Broker
DXB-100976,2025-03-11,International City,APT,1 BR,48.3,538598.0,1.0,1,Mortgage,Broker
DXB-100188,2025-06-05,Dubai Marina,Townhouse,2 BR,121.8,"AED 2,847,370",2.0,2,Sale,DLD
DXB-101479,2023-09-15,Dubai Silicon Oasis,Apartment ,2 BR,165.8,2457307.0,2.0,3,Mortgage,Developer
DXB-100805,2023-11-27,Deira,APARTMENT,3 BR,75.9,724574.0,3.0,0,Sale,DLD
DXB-100946,2026-06-19,Dubai-Marina,Villa,5 BR,129.4,4178984.0,5.0,1,Mortgage,DLD
DXB-101430,2025-11-20,Bur Dubai,Hotel Apartment,2 BR,79.2,1173286.0,2.0,2,Sale,DLD
DXB-100343,2026-07-14,International City,VILLA,3 BR,186.5,1672088.0,3.0,1,Sale,Developer
DXB-101259,2024-10-23,Dubai Marina,Hotel Apartment,Studio,151.0,3422516.0,0.0,2,Sale,Developer
DXB-100007,2026-02-20,Palm Jumeirah,Townhouse,3 BR,271.4,"AED 10,002,007",3.0,2,Mortgage,DLD
DXB-100820,2026-05-02,downtown dubai,Apartment,1 BR,166.8,6373652.0,1.0,3,Sale,Broker
DXB-101465,2024-07-22,Downtown Dubai ,villa,3 BR,62.9,2236999.0,3.0,3,Sale,DLD
DXB-100215,2025-06-03,Business Bay,Townhouse ,3 BR,292.1,6618656.0,3.0,2,Sale,Developer
DXB-100109,01-20-2024,Business Bay,Hotel Apartment,1 BR,67.4,808848.0,1.0,0,Mortgage,Developer
DXB-100219,2025-09-01,Palm Jumeirah,Apartment,Studio,138.4,4962665.0,0.0,2,Mortgage,DLD
DXB-100803,2024-07-21,Dubai Marina,Villa ,4 BR,84.1,1695944.0,4.0,1,Sale,DLD
DXB-101419,2024-11-07,Downtown Dubai,Hotel Apartment,2 BR,115.5,4044538.0,2.0,3,Mortgage,Developer
DXB-101358,2026-02-02,Arabian Ranches,villa,4 BR,46.3,1158186.0,4.0,2,Mortgage, DLD 
DXB-100612,2024-05-04,,Hotel Apartment,2 BR,8000.0,85000000,2.0,3,Sale,DLD
DXB-100027,2025-09-03,Jumeirah,Apartment,Studio,54.7,1509974.0,0.0,3,Sale,Broker
DXB-100230,2023-10-16,Deira,apartment,3 BR,159.5,1542065.0,3.0,3,Mortgage,Broker
DXB-100506,2023-04-02,Deira,Apartment,1 BR,317.0,2824725.0,1.0,1,Sale,DLD
DXB-100415,2023-04-27,Palm Jumeirah,Apartment,Studio,147.9,3908374.0,0.0,0,Mortgage,Developer
DXB-100052,2025-01-02,Jumeirah,Townhouse,2 BR,86.0,1910892.0,2.0,2,Sale,DLD
DXB-101277,2025-04-19,Jumeirah,Apartment,Studio,112.0,3434283.0,0.0,3,Sale,Broker
DXB-101226,2024-09-05,Palm Jumeirah,Apartment,2 BR,141.3,4771257.0,2.0,1,Sale,DLD
DXB-100586,2023-06-13,Palm Jumeirah,Apartment,3 BR,157.8,6241880.0,3.0,1,Sale,DLD
DXB-100689,2024-04-01,Jumeirah Village Circle,Apartment,1 BR,67.6,871261.0,1.0,2,Mortgage,DLD
DXB-100558,2026-03-29,Jumeirah village circle,Villa ,4 BR,,1032218.0,4.0,1,Sale,DLD
DXB-100196,2025-11-15,Business Bay,villa,3 BR,134.7,2378176.0,3.0,2,Sale,Developer
DXB-101432,2023-04-11,Bur Dubai,apartment,1 BR,187.3,1347409.0,1.0,0,Sale,DLD
DXB-101035,2025-12-11,Dubai Marina ,Villa ,5 BR,78.3,2214314.0,5.0,0,Mortgage,DLD
DXB-100975,2026-06-18,Arabian Ranches,Villa,5 BR,62.0,1122243.0,5.0,2,Sale,DLD
DXB-100064,2023-02-27,Arabian Ranches,Villa,6 BR,396.3,4547070.0,6.0,2,Sale,DLD
DXB-100943,2025-01-19,Mirdif,Apartment,3 BR,59.3,"AED 766,009",3.0,0,Sale,Broker
DXB-100069,2023-04-24,Downtown Dubai,Apartment,Studio,324.2,6088159.0,0.0,0,Sale,Broker
DXB-101080,2024-02-08,Bur Dubai,Apartment,2 BR,283.6,"AED 2,933,258",2.0,3,Sale,DLD
DXB-101203,2026-04-08,Downtown Dubai,Villa,4 BR,235.2,8388075.0,4.0,0,Sale,Developer
DXB-101043,2023-12-25,Downtown Dubai,VILLA,6 BR,130.6,3266730.0,6.0,1,Mortgage,DLD
DXB-100379,2026-01-27,Dubai Hills Estate,villa,6 BR,99.9,2779538.0,6.0,3,Sale,DLD
DXB-100267,06/02/2026,Arabian Ranches,Apartment ,Studio,,2075686.0,0.0,3,Sale,DLD
DXB-100829,16-Dec-2023,Jumeirah Village Circle,Apartment,1 BR,129.9,2050465.0,1.0,2,Mortgage,Broker
DXB-100757,2025-06-12,Dubai Silicon Oasis,Hotel Apartment,Studio,163.2,2345089.0,,2,Sale,Broker
DXB-100138,2025-07-11,Al Barsha,TOWNHOUSE,3 BR,123.3,2958373.0,3.0,0,Sale,DLD
DXB-100574,2024-08-01,Mirdif,Penthouse,2 BR,140.6,2721112.0,2.0,0,Sale,Broker
DXB-100218,2023-04-29,Mirdif,Hotel Apartment,1 BR,66.7,1165091.0,1.0,0,Sale,DLD
DXB-100638,2023-03-31,,Townhouse,2 BR,169.3,4899082.0,2.0,2,Sale,DLD
DXB-100357,2026-05-07,Bur Dubai,Townhouse ,3 BR,97.6,713215.0,3.0,3,Sale,DLD
DXB-100483,2025-08-03,Business Bay,Apartment,1 BR,117.1,1376166.0,1.0,3,Mortgage,Broker
DXB-101047,2024-06-11,Business Bay,Townhouse,2 BR,131.6,3339870.0,2.0,0,Sale,DLD
DXB-100235,2024-10-12,Dubai Silicon Oasis,Townhouse,3 BR,66.4,1322120.0,3.0,2,Sale,DLD
DXB-100693,2025-06-15,Jumeirah Lake Towers,Apartment,Studio,112.8,2387665.0,0.0,2,Sale,DLD
DXB-100237,2023-03-01,Mirdif,Townhouse,3 BR,197.4,966544.0,3.0,1,Sale,DLD
DXB-100783,2025-09-12,Jumeirah,Villa,6 BR,167.8,"AED 3,911,266",6.0,2,Sale,DLD
DXB-101204,2025-05-18,Jumeirah Lake Towers,Apartment,1 BR,122.8,2988672.0,,1,Sale,Broker
DXB-101060,2025-03-26,Jumeirah village circle,Hotel Apartment,1 BR,75.2,985033.0,1.0,3,Sale,Broker
DXB-101236,2024-05-08,Mirdif,apartment,1 BR,145.0,2124849.0,1.0,2,Sale,DLD
DXB-100908,2024-01-26,Jumeirah Village Circle,Apartment,2 BR,104.8,1545134.0,2.0,0,Mortgage,DLD
DXB-100100,2024-11-12,Dubai Hills Estate,Hotel Apartment,2 BR,133.8,2195624.0,2.0,3,Sale,DLD
DXB-100590,2024-01-09,Downtown Dubai,Hotel Apartment,2 BR,46.0,1024532.0,2.0,2,Sale,Developer
DXB-100332,2024-07-24,Business Bay,villa,4 BR,,3550933.0,4.0,3,Sale,Broker
DXB-100995,2025-03-22,Dubai Hills Estate,Apartment,Studio,50.0,"AED 1,520,691",0.0,3,Mortgage,Developer
DXB-100606,2026-01-04,Jumeirah Lake Towers ,Penthouse,4 BR,70.3,1289611.0,4.0,1,Sale,Developer
DXB-100965,2026-03-18,Deira,Apartment,2 BR,77.5,507081.0,2.0,0,Sale,DLD
DXB-101016,2024-04-05,JLT,VILLA,5 BR,107.5,2430523.0,5.0,2,Mortgage,DLD
DXB-100422,2023-10-10,International City,Apartment,2 BR,25.0,"AED 322,477",2.0,3,Sale,Developer
DXB-100258,2026-02-03,Dubai Silicon Oasis,apartment,1 BR,70.0,973670.0,1.0,0,Sale,Broker
DXB-101396,2023-03-14,Jumeirah Lake Towers,Apartment,Studio,41.5,678715.0,0.0,1,Mortgage,Broker
DXB-101177,2023-12-08,Arabian Ranches,Apartment,1 BR,149.5,3972990.0,1.0,2,Mortgage,DLD
DXB-101386,2023-12-25,Business Bay,Villa,6 BR,580.0,14986323.0,6.0,2,Sale,DLD
DXB-101394,2026-05-06,Al Barsha,Townhouse,3 BR,-10.0,3956062.0,3.0,3,Mortgage,DLD
DXB-100866,2026-04-05,Al Barsha,Penthouse,2 BR,107.0,2572536.0,2.0,1,Sale,Broker
DXB-100437,2023-06-26,International City,Apartment,2 BR,95.6,665459.0,2.0,3,Sale,Broker
DXB-100552,2023-05-18,Mirdif,Apartment,3 BR,199.3,2853811.0,3.0,3,Sale,Developer
DXB-100792,2025-10-21,Business Bay,APT,1 BR,235.8,,1.0,0,Sale,DLD
DXB-100072,2024-10-03,Business Bay,Penthouse,3 BR,85.3,3338128.0,3.0,1,Sale,DLD
DXB-100983,2024-11-02,Arabian Ranches,APARTMENT,3 BR,92.4,2301376.0,3.0,3,Mortgage,Developer
DXB-100084,2024-12-14,Dubai Hills Estate,Apartment,2 BR,196.7,4589080.0,2.0,1,Sale,DLD
DXB-100544,2024-11-03,Dubai Marina,apartment,3 BR,97.3,2496655.0,3.0,0,Sale,DLD
DXB-100813,2026-03-08,Palm Jumeirah,Villa ,4 BR,44.0,2967902.0,4.0,0,Sale,Developer
DXB-101172,2024-03-13,Al Barsha,APT,3 BR,168.5,1869078.0,3.0,2,Mortgage,DLD
DXB-100759,2025-09-26,Dubai Silicon Oasis,Apartment ,Studio,37.9,531412.0,0.0,1,Sale,DLD
DXB-101037,31/08/2026,International City,Apartment ,3 BR,,,3.0,1,Sale,Developer
DXB-100904,2023-01-18,Bur Dubai,Hotel Apartment,Studio,101.9,1647551.0,0.0,2,Sale,DLD
DXB-100840,2025-05-29,Bur Dubai,apartment,1 BR,148.5,2085883.0,1.0,0,Mortgage,DLD
DXB-101355,2026-05-03,Deira,Apartment,2 BR,102.3,979078.0,2.0,1,Sale,DLD
DXB-101050,2026-02-07,Jumeirah Lake Towers,villa,5 BR,51.8,,5.0,2,Sale,DLD
DXB-100368,2023-05-08,Palm Jumeirah,Apartment,3 BR,341.7,12573083.0,3.0,2,Sale,Broker
DXB-100450,06-07-2026,Al Barsha,Apartment,1 BR,76.1,"AED 1,147,026",1.0,1,Sale,DLD
DXB-100277,2023-11-28,Business Bay,apartment,2 BR,112.5,"AED 2,577,022",,0,Sale,Broker
DXB-100719,2024-06-04,Business Bay,Hotel Apartment,1 BR,175.8,3975998.0,1.0,1,Sale,DLD
DXB-101454,2026-02-05,International City,Apartment,2 BR,153.9,2275851.0,2.0,2,Sale,Broker
DXB-100704,2023-06-23,Mirdif,Apartment,2 BR,229.3,3314480.0,2.0,3,Sale, DLD 
DXB-100858,2023-09-24,Jumeirah Lake Towers,apartment,Studio,257.7,3777801.0,0.0,2,Mortgage,Developer
DXB-100571,06-May-2025,,Townhouse,3 BR,120.2,1563280.0,3.0,2,Sale,DLD
DXB-101230,2025-11-01,Downtown Dubai,Apartment ,3 BR,52.5,"AED 1,569,551",3.0,2,Sale,DLD
DXB-101483,2023-09-12,Dubai Marina,Apartment,3 BR,217.0,4953619.0,3.0,2,Mortgage,Broker
DXB-100132,2025-11-12,Jumeirah,Villa,4 BR,110.2,3287890.0,4.0,3,Sale,DLD
DXB-100091,2024-05-02,Dubai Hills Estate,Villa,3 BR,100.1,3524069.0,3.0,2,Sale,DLD
DXB-101380,2023-02-02,Mirdif,Apartment,Studio,125.9,1992017.0,0.0,0,Sale,DLD
DXB-100593,2026-07-27,Dubai Silicon Oasis,Villa,6 BR,135.9,1964301.0,6.0,3,Sale,Developer
DXB-100627,2023-09-27,Business Bay,Apartment,2 BR,163.2,2492780.0,2.0,0,Sale,DLD
DXB-100428,2024-10-31,Jumeirah,Apartment ,Studio,31.7,917725.0,0.0,0,Mortgage,DLD
DXB-101065,2023-05-26,Dubai Hills Estate,Hotel Apartment,1 BR,76.9,2383079.0,1.0,1,Mortgage,Broker
DXB-101489,2025-05-31,Dubai Hills Estate,Apartment,2 BR,50.3,2050559.0,2.0,2,Sale,DLD
DXB-100344,2024-04-19,Dubai Silicon Oasis,Townhouse,4 BR,34.5,316194.0,4.0,3,Sale,DLD
DXB-101318,2025-03-31,Deira,Townhouse,3 BR,86.6,1150237.0,3.0,0,Sale,DLD
DXB-100825,2023-01-28,Bur Dubai,Apartment,1 BR,136.8,1051765.0,1.0,1,Sale,DLD
DXB-101149,2025-06-03,Dubai Hills Estate,Penthouse,4 BR,114.8,"AED 5,180,261",4.0,2,Mortgage,Broker
DXB-100425,2024-03-23,Mirdif,Townhouse,2 BR,62.8,741556.0,2.0,3,Mortgage,DLD
DXB-100742,2024-11-13,Mirdif,Penthouse,4 BR,,5426219.0,4.0,1,Sale,DLD
DXB-100876,2023-10-01,Arabian Ranches,Apartment,Studio,137.3,3494364.0,0.0,3,Sale, Broker 
DXB-100180,2025-05-05,Business Bay,Penthouse,2 BR,168.8,3931698.0,2.0,3,Sale,DLD
DXB-100701,2023-06-03,Business Bay,Apartment,1 BR,100.1,1792585.0,1.0,0,Mortgage,Broker
DXB-101006,2023-01-19,Business Bay,Hotel Apartment,Studio,248.2,6219745.0,0.0,2,Sale,DLD
DXB-101159,2024-05-19,Dubai Marina,Townhouse,4 BR,72.2,2104303.0,4.0,0,Sale,DLD
DXB-100106,2023-02-21,Deira,Apartment,Studio,105.7,1450191.0,0.0,3,Sale,DLD
DXB-100518,2026-03-07,Arabian Ranches,Apartment,3 BR,162.0,2773275.0,3.0,2,Sale,DLD
DXB-100958,2023-07-05,Downtown Dubai ,apartment,2 BR,50.5,907857.0,2.0,3,Mortgage,Developer
DXB-100094,2023-08-25,,Apartment,2 BR,52.1,667789.0,2.0,0,Mortgage,DLD
DXB-100768,2026-05-18,Deira,Apartment,2 BR,67.3,693249.0,2.0,2,Mortgage,DLD
DXB-101174,2026-01-10,Palm Jumeirah,Apartment,1 BR,221.9,7371815.0,1.0,0,Mortgage,Broker
DXB-101295,2023-06-23,Mirdif,Apartment,Studio,76.1,1269158.0,0.0,1,Mortgage,DLD
DXB-100375,2025-08-01,Al Barsha,APARTMENT,2 BR,63.1,876952.0,2.0,2,Sale,DLD
DXB-100812,2026-08-20,Arabian Ranches,Hotel Apartment,Studio,89.9,2170872.0,0.0,3,Sale,DLD
DXB-100026,2023-02-16,Downtown Dubai,Apartment,Studio,321.5,9445507.0,0.0,3,Sale,DLD
DXB-100712,2024-02-28,Deira,Townhouse,3 BR,48.8,616398.0,3.0,1,Sale,DLD
DXB-100945,2025-08-24,Arabian Ranches,apartment,1 BR,53.7,1087198.0,1.0,3,Sale,DLD
DXB-100898,2023-07-12,Jumeirah Lake Towers,apartment,3 BR,357.4,7428623.0,3.0,0,Sale,DLD
DXB-101449,2024-06-29,Bur Dubai,Apartment,2 BR,142.8,1725597.0,2.0,3,Sale,DLD
DXB-101271,2026-02-20,Al Barsha,APARTMENT,Studio,236.1,2873459.0,0.0,2,Sale,DLD
DXB-100345,2025-04-05,Jumeirah,town house,4 BR,72.1,1873691.0,4.0,3,Sale,DLD
DXB-101421,2024-08-29,Mirdif,Apartment ,3 BR,62.5,639604.0,3.0,2,Sale, Broker 
DXB-100232,2026-03-22,Arabian Ranches,Hotel Apartment,2 BR,132.6,3778214.0,2.0,2,Mortgage,DLD
DXB-101420,2023-05-08,Arabian Ranches,Villa,3 BR,49.1,776112.0,3.0,2,Mortgage,DLD
DXB-101061,05-Mar-2026,Dubai Marina,Villa ,3 BR,153.1,4737671.0,3.0,2, Sale ,Broker
DXB-100566,2026-01-23,Palm Jumeirah,Townhouse,3 BR,152.5,4030165.0,3.0,1,Sale,Developer
DXB-101032,2024-06-29,Jumeirah Lake Towers,Apartment,2 BR,70.6,1496514.0,2.0,2,Sale,Developer
DXB-100695,2025-11-14,International City,Apartment,1 BR,215.9,2278172.0,1.0,2,Sale,Broker
DXB-100741,2025-07-13,JLT,Apartment,3 BR,52.0,1488884.0,3.0,0,Mortgage,DLD
DXB-101389,2024-04-11,Dubai Silicon Oasis,Apartment,1 BR,48.3,648853.0,1.0,0,Sale,Developer
DXB-100288,2024-06-26,jvc,Apartment,1 BR,115.2,"AED 1,250,873",1.0,2,Mortgage,Broker
DXB-100309,2026-04-30,Mirdif,Apartment,3 BR,126.8,1600278.0,3.0,3,Sale,DLD
DXB-101079,2023-06-17,Jumeirah,Apartment,1 BR,160.4,2484795.0,1.0,0,Sale,DLD
DXB-101411,2024-05-29,Dubai Silicon Oasis,Hotel Apartment,1 BR,80.8,1537819.0,1.0,0,Mortgage,DLD
DXB-100364,2026-06-25,jvc,Villa,6 BR,106.3,2079396.0,6.0,1,Sale,DLD
DXB-100283,2025-07-20,Downtown Dubai,Apartment,3 BR,53.3,1809981.0,3.0,0,Mortgage,DLD
DXB-100808,2025-07-19,Al Barsha,Apartment,Studio,72.5,969326.0,0.0,3,Sale,DLD
DXB-100896,2023-05-15,Al Barsha,Apartment,3 BR,59.2,1093017.0,3.0,3,Sale,Developer
DXB-100078,2023-04-09,Business Bay,Villa,4 BR,90.5,2063147.0,4.0,1,Sale,DLD
DXB-101108,2025-06-06,Al Barsha,Hotel Apartment,1 BR,101.2,1934813.0,1.0,2,Sale,DLD
DXB-100501,2026-02-07,International City,Penthouse,2 BR,54.4,656924.0,2.0,0,Sale,Broker
DXB-101223,2026-04-01,Al Barsha,Villa,5 BR,134.1,"AED 1,280,494",5.0,1,Sale,Developer
DXB-100932,2023-07-27,Arabian Ranches,Apartment,1 BR,60.3,1952009.0,1.0,0,Mortgage,DLD
DXB-100527,2025-08-13,downtown dubai,Hotel Apartment,Studio,116.3,2923199.0,0.0,1,Mortgage,DLD
DXB-100221,2025-08-21,Business Bay,Apartment,3 BR,78.7,1688345.0,3.0,3,Mortgage,Developer
DXB-101197,2025-07-03,Downtown Dubai,villa,6 BR,192.4,"AED 3,092,893",6.0,2,Mortgage,DLD
DXB-100800,2026-04-26,Bur Dubai,Townhouse,2 BR,89.5,1738271.0,2.0,2,Mortgage,Broker
DXB-100883,22-May-2025,Palm Jumeirah,Apartment ,1 BR,106.2,4093819.0,1.0,2,Sale,DLD
DXB-100499,2023-09-04,Palm Jumeirah,Apartment,1 BR,91.2,4233921.0,,1,Sale,DLD
DXB-100281,2024-12-15,Jumeirah,Apartment,2 BR,192.4,4141180.0,2.0,2,Sale,DLD
DXB-100494,2024-01-08,Bur Dubai,town house,3 BR,146.8,2038980.0,3.0,1,Sale,DLD
DXB-100953,2026-01-29,Palm Jumeirah,APARTMENT,3 BR,64.1,1426866.0,3.0,3,Sale,Broker
DXB-100037,2026-07-26,Jumeirah Village Circle,Apartment,2 BR,193.5,2919092.0,2.0,2,Sale,DLD
DXB-100706,2026-05-26,Jumeirah village circle,Townhouse,4 BR,52.4,"AED 863,029",4.0,2,Sale,Broker
DXB-101002,2026-06-11,Dubai-Marina,APT,Studio,123.3,2306339.0,0.0,1,Sale,Broker
DXB-100488,2026-08-11,Palm Jumeirah,Villa,6 BR,103.2,4641136.0,6.0,0,Mortgage,Broker
DXB-101196,2025-05-09,Dubai Silicon Oasis,APARTMENT,Studio,64.2,1231026.0,0.0,0,Sale,DLD
DXB-100754,2024-08-11,Dubai Marina,Villa,4 BR,139.1,3597798.0,4.0,2,Sale,Broker
DXB-100646,2024-12-23,International City,Apartment,1 BR,52.7,"AED 432,314",1.0,1,Sale,DLD
DXB-100105,2024-12-17,Jumeirah Lake Towers,Villa,4 BR,69.5,1092686.0,4.0,2,Sale,DLD
DXB-100990,2023-02-12,Jumeirah,Villa,4 BR,158.6,4550123.0,4.0,2,Mortgage,DLD
DXB-100733,2026-01-27,Bur Dubai,Apartment,Studio,110.5,713658.0,,2, Mortgage ,Broker
DXB-101329,2025-03-12,Bur Dubai,APARTMENT,1 BR,85.1,886499.0,1.0,3,Sale,DLD
DXB-100125,2023-09-03,Bur Dubai,Apartment,1 BR,76.0,1114311.0,1.0,2,Sale,Developer
DXB-100865,2025-02-27,Jumeirah,Hotel Apartment,Studio,174.4,5481657.0,0.0,2,Sale,DLD
DXB-101034,2024-02-16,Palm Jumeirah,APT,Studio,61.9,2746017.0,0.0,0,Sale,DLD
DXB-101257,2024-09-05,downtown dubai,town house,3 BR,190.9,8124756.0,3.0,3,Sale,DLD
DXB-101324,2023-10-21,Mirdif,Apartment,2 BR,203.3,"AED 2,510,771",2.0,1,Sale,Developer
DXB-100384,2024-09-21,,Apartment,Studio,76.1,1847106.0,0.0,2,Sale,Developer
DXB-101126,2023-03-14,Dubai-Marina,Apartment,1 BR,104.2,1557167.0,1.0,1,Sale,DLD
DXB-100161,2024-08-27,Bur Dubai,Hotel Apartment,1 BR,300.2,4719542.0,1.0,2,Sale,Broker
DXB-101099,2026-05-03,Dubai Hills Estate,Apartment,3 BR,151.9,"AED 3,651,074",3.0,0,Mortgage,Broker
DXB-100489,2023-11-06,Arabian Ranches,Villa,6 BR,197.4,5132825.0,6.0,2,Sale,DLD
DXB-100711,2024-08-14,Mirdif,Villa,3 BR,94.6,817116.0,3.0,1,Mortgage,DLD
DXB-100801,2025-11-24,Dubai Silicon Oasis,Apartment,3 BR,114.3,"AED 1,249,470",3.0,0,Mortgage,Developer
DXB-100373,2023-03-14,Al Barsha,Apartment ,2 BR,143.5,3473669.0,2.0,0,Mortgage,DLD
DXB-100441,13-Dec-2025,Dubai Marina,Apartment,1 BR,109.4,1820819.0,1.0,1,Sale,DLD
DXB-100631,2025-04-18,Dubai Silicon Oasis,Townhouse,3 BR,235.0,2961812.0,3.0,2,Sale,Developer
DXB-100816,2023-01-06,Palm Jumeirah,Penthouse,3 BR,224.7,7676149.0,3.0,3,Sale,DLD
DXB-101160,06-28-2023,Palm Jumeirah,APARTMENT,Studio,57.3,2038988.0,0.0,0,Sale,Broker
DXB-100639,2025-10-13,International City,Penthouse,4 BR,134.3,2653692.0,4.0,2,Sale,DLD
DXB-101027,2024-11-18,Palm Jumeirah,Apartment ,1 BR,225.9,8340397.0,1.0,3,Mortgage,Broker
DXB-101056,2026-01-08,Deira,Hotel Apartment,Studio,66.7,690666.0,0.0,0,Sale,DLD
DXB-100374,2024-08-26,Arabian Ranches,Apartment,Studio,161.9,2968433.0,0.0,1,Sale,Developer
DXB-100723,2024-02-25,Mirdif,Hotel Apartment,2 BR,96.7,1134469.0,2.0,1, Sale ,DLD
DXB-100851,2024-03-13,Dubai-Marina,Apartment,2 BR,300.0,7253603.0,2.0,2,Sale,DLD
DXB-100771,2025-09-16,jlt,Villa,4 BR,146.5,,4.0,3,Sale,DLD
DXB-100985,2025-04-05,Dubai Hills Estate,Hotel Apartment,Studio,124.2,3048675.0,0.0,1,Sale,DLD
DXB-100118,2026-01-26,dubai marina,Apartment,2 BR,65.8,1229726.0,2.0,2,Sale,DLD
DXB-101194,2024-10-05,Dubai Silicon Oasis,Penthouse,3 BR,93.0,250000.0,3.0,2,Sale,Broker
DXB-101368,2026-07-20,Bur Dubai,APT,3 BR,200.9,"AED 1,601,978",3.0,0,Mortgage,DLD
DXB-101467,2025-11-21,Mirdif,Apartment,2 BR,107.1,"AED 1,405,851",2.0,3,Sale,Broker
DXB-101207,2024-09-04,,Apartment,1 BR,101.5,1180056.0,1.0,3,Sale,Developer
DXB-101053,30/12/2023,Deira,Apartment,2 BR,59.3,1024894.0,2.0,3,Mortgage,DLD
DXB-100414,2024-09-08,Dubai Silicon Oasis,Apartment,3 BR,121.2,1818386.0,3.0,1,Sale,DLD
DXB-100862,2023-12-02,Business Bay,Townhouse,3 BR,100.1,2970796.0,,1,Mortgage,Broker
DXB-100810,2023-05-12,Business Bay,Apartment,3 BR,155.6,3883004.0,3.0,0,Mortgage,Broker
DXB-100770,2023-08-02,Palm Jumeirah,APT,Studio,71.5,"AED 1,628,455",0.0,3,Sale,Broker
DXB-100127,2024-08-18,,Apartment,Studio,210.2,2987172.0,0.0,2,Sale,DLD
DXB-101254,2023-03-21,Dubai Hills Estate,Apartment,Studio,89.8,2930105.0,0.0,0,Sale,DLD
DXB-101425,2025-10-12,Bur Dubai,Apartment ,Studio,85.9,0,0.0,0,Sale,DLD
DXB-100572,2026-05-16,Arabian Ranches,Apartment,Studio,272.2,3541456.0,0.0,2,Mortgage,DLD
DXB-101364,2024-01-16,Dubai Silicon Oasis,Apartment,3 BR,76.5,1042339.0,3.0,2,Sale,DLD
DXB-100942,2023-03-11,Bur Dubai,Apartment,3 BR,137.1,2054570.0,3.0,0,Sale,DLD
DXB-100672,2024-12-06,Dubai Silicon Oasis,Hotel Apartment,2 BR,171.3,1908205.0,2.0,0,Sale,Broker
DXB-100399,08-31-2025,Arabian Ranches,APT,2 BR,39.0,613372.0,,2,Mortgage,Developer
DXB-100784,07/04/2025,Mirdif,Hotel Apartment,2 BR,140.4,2552976.0,2.0,3,Sale,DLD
DXB-100551,2026-05-15,Al Barsha,Apartment,Studio,177.8,"AED 1,844,312",0.0,1,Sale,DLD
DXB-100564,2023-05-18,Jumeirah,Villa,5 BR,199.1,6896034.0,5.0,0,Sale,Broker
DXB-100174,2023-09-21,Mirdif,Apartment ,3 BR,118.2,2028603.0,3.0,1,Mortgage,DLD
DXB-100320,2025-04-13,downtown dubai,Hotel Apartment,1 BR,187.0,3620991.0,1.0,0,Sale,DLD
DXB-100524,08-Sep-2024,jlt,Apartment,3 BR,65.4,"AED 579,400",3.0,0,Sale,DLD
DXB-100469,2023-07-29,Deira,Apartment,3 BR,74.3,874911.0,3.0,0,Sale,DLD
DXB-101276,2023-02-21,Downtown Dubai,Apartment,1 BR,91.0,2033051.0,1.0,2,Sale,DLD
DXB-101438,2023-09-23,Dubai Hills Estate,Hotel Apartment,2 BR,79.5,3363171.0,2.0,3,Mortgage,Developer
DXB-101356,2024-10-05,Mirdif,Apartment,1 BR,138.1,2404899.0,1.0,3,Sale,DLD
DXB-100079,2025-10-18,Palm Jumeirah,Townhouse,2 BR,87.2,3910082.0,2.0,1,Mortgage,Developer
DXB-100533,25/03/2026,Mirdif,Villa,3 BR,232.6,3111800.0,3.0,3,Sale,DLD
DXB-101045,2023-05-05,Dubai Marina,Apartment,3 BR,165.6,4551952.0,3.0,1,Sale,DLD
DXB-100457,2025-08-25,Dubai Marina,Apartment ,1 BR,60.9,1561869.0,1.0,0,Sale,DLD
DXB-100290,2026-05-09,Palm Jumeirah,Townhouse,2 BR,39.9,1236382.0,2.0,3,Sale,Broker
DXB-100370,2024-08-24,Mirdif,Townhouse,2 BR,188.1,3182941.0,2.0,3,Mortgage, DLD 
DXB-100265,2023-02-12,International City,Apartment ,Studio,193.2,"AED 2,428,685",0.0,1,Sale,DLD
DXB-100588,2024-09-04,International City,APT,Studio,112.4,1416970.0,0.0,3,Sale,DLD
DXB-100477,2025-07-15,Al Barsha,Villa,3 BR,32.9,494110.0,3.0,1,Sale,DLD
DXB-100164,2023-12-26,downtown dubai,Villa,4 BR,76.6,2660661.0,4.0,3,Sale,DLD
DXB-101294,2023-04-05,Bur Dubai,APT,1 BR,,3399461.0,1.0,3,Sale,DLD
DXB-100093,2025-07-08,Business Bay,Apartment,2 BR,164.8,3209936.0,2.0,1,Sale,DLD
DXB-100473,2026-06-28,Bur Dubai,Apartment ,3 BR,162.4,2377907.0,3.0,1,Sale,DLD
DXB-100197,2024-07-23,Deira,Penthouse,2 BR,158.8,1404675.0,2.0,1,Mortgage,DLD
DXB-100185,2024-04-07,Mirdif,villa,5 BR,69.9,1753147.0,5.0,1,Mortgage,DLD
DXB-101004,2024-07-08,Deira,Villa,5 BR,142.4,1879493.0,5.0,0,Sale,DLD
DXB-100421,2024-11-06,Jumeirah,Apartment,3 BR,90.9,2156288.0,3.0,0,Sale,DLD
DXB-100451,2024-10-30,Dubai Marina,Penthouse,2 BR,105.6,3561526.0,2.0,0,Mortgage,DLD
DXB-100256,2024-01-22,,Townhouse,3 BR,52.0,652952.0,3.0,1,Sale,DLD
DXB-100135,2025-05-07,Dubai Marina,apartment,3 BR,344.5,8995622.0,3.0,0,Mortgage, DLD 
DXB-101098,2023-09-26,Jumeirah,Penthouse,4 BR,85.3,3344541.0,4.0,2,Sale,DLD
DXB-101167,2024-07-22,Jumeirah Village Circle,Apartment ,3 BR,150.0,2995692.0,3.0,0,Mortgage,DLD
DXB-100051,2023-09-22,Jumeirah Village Circle,Apartment,Studio,53.2,757963.0,0.0,1,Mortgage,DLD
DXB-101406,2024-11-03,Business Bay,Hotel Apartment,1 BR,95.8,1377816.0,1.0,3,Sale,Broker
DXB-100583,2023-10-03,Jumeirah Lake Towers,apartment,1 BR,140.5,2035442.0,1.0,2,Sale,DLD
DXB-101457,2026-03-30,Dubai Marina,Apartment,2 BR,121.5,3300122.0,2.0,2,Mortgage,Broker
DXB-101363,03-31-2026,Mirdif,Apartment,Studio,95.2,1934789.0,0.0,3,Mortgage,DLD
DXB-100433,2026-04-30,Dubai Hills Estate,Townhouse,4 BR,111.8,2211146.0,4.0,0,Sale,DLD
DXB-100049,2025-01-10,Arabian Ranches,Apartment,3 BR,98.7,2361663.0,3.0,3,Sale,Developer
DXB-100341,2026-06-09,Jumeirah Lake Towers,Hotel Apartment,Studio,38.3,735454.0,0.0,2,Sale,Broker
DXB-100797,2023-06-04,dubai marina,Apartment,2 BR,73.4,2009824.0,2.0,2,Sale, DLD 
DXB-101237,2024-09-02,Downtown Dubai,Apartment,3 BR,197.1,,3.0,0,Mortgage,Developer
DXB-100526,2025-02-20,Downtown Dubai,Hotel Apartment,Studio,168.1,3920344.0,0.0,3,Mortgage,Broker
DXB-100954,24-May-2026,Dubai Silicon Oasis,Hotel Apartment,Studio,87.6,"AED 1,145,172",0.0,3,Sale,DLD
DXB-101202,2026-08-26,Dubai Hills Estate,TOWNHOUSE,2 BR,78.6,827275.0,2.0,2,Mortgage,DLD
DXB-100682,2024-03-02,Business Bay,Apartment,2 BR,176.6,4190699.0,,2,Mortgage,DLD
DXB-100462,2024-08-21,Bur Dubai,Hotel Apartment,2 BR,153.0,1976884.0,2.0,3,Sale,Broker
DXB-101110,2025-03-26,Dubai Marina,Apartment,1 BR,49.7,781652.0,1.0,2,Mortgage,DLD
DXB-100967,2023-11-04,Business Bay,Apartment,1 BR,156.5,2986788.0,1.0,1,Mortgage, Broker 
DXB-101297,2024-07-21,Jumeirah,Apartment,2 BR,208.4,2418980.0,2.0,1,Mortgage,DLD
DXB-100468,2026-02-22,Al Barsha,Apartment,Studio,173.1,"AED 2,853,707",0.0,1,Mortgage,DLD
DXB-100647,2025-12-25,International City,APT,3 BR,156.8,1170430.0,3.0,2,Mortgage,DLD
DXB-101097,2023-01-17,jvc,Townhouse,4 BR,56.1,678351.0,4.0,2,Sale,DLD
DXB-100033,2025-04-05,Downtown Dubai,APT,3 BR,238.8,"AED 6,642,483",3.0,2,Mortgage,DLD
DXB-100416,2026-08-28,International City,Apartment,Studio,66.4,661395.0,0.0,2,Sale,Developer
DXB-100809,2025-10-11,International City,Hotel Apartment,1 BR,43.0,550398.0,1.0,1,Sale,Developer
DXB-100247,2026-08-18,Downtown Dubai,APT,1 BR,63.9,2502225.0,1.0,3,Sale,Broker
DXB-100930,2023-09-06,Arabian Ranches,Apartment,3 BR,271.4,"AED 5,387,512",3.0,0,Sale,DLD
DXB-100937,2023-12-13,Al Barsha,Apartment,Studio,111.0,2135453.0,0.0,2,Mortgage,DLD
DXB-100439,12-01-2025,Deira,Villa,4 BR,48.8,434705.0,4.0,3,Sale,Developer
DXB-101350,2024-08-07,International City,Townhouse,2 BR,85.2,771006.0,2.0,2,Mortgage,DLD
DXB-101148,2025-09-20,Deira,Apartment ,3 BR,176.5,2318209.0,3.0,3,Sale,Broker
DXB-100216,2025-07-06,Dubai Marina,Apartment,3 BR,125.4,2654855.0,3.0,2,Sale,Broker
DXB-101488,2024-05-07,International City,Penthouse,4 BR,167.5,3194179.0,4.0,0,Sale,DLD
DXB-101096,06/04/2025,Dubai Silicon Oasis,Apartment,2 BR,122.5,1572735.0,2.0,1,Mortgage,Developer
DXB-100543,2025-08-31,Jumeirah,Hotel Apartment,1 BR,33.9,"AED 956,801",1.0,1,Mortgage,Broker
DXB-101123,2025-07-29,Business Bay,Apartment,3 BR,177.0,3889485.0,3.0,0,Sale,Broker
DXB-101286,2024-04-27,Arabian Ranches,APARTMENT,2 BR,88.9,2147045.0,2.0,1,Mortgage,DLD
DXB-100493,2026-03-04,Jumeirah,Apartment,2 BR,135.6,4438825.0,2.0,1,Mortgage,DLD
DXB-101205,02-18-2023,Deira,Apartment,3 BR,63.1,805432.0,3.0,2,Sale,Broker
DXB-100464,2023-04-02,Dubai Hills Estate,Villa,6 BR,95.3,3498830.0,6.0,3,Sale,Developer
DXB-100391,2023-10-24,Al Barsha,Apartment,2 BR,181.4,3495619.0,,3,Mortgage,DLD
DXB-101473,2024-03-28,Jumeirah Village Circle,Apartment,Studio,82.0,1166423.0,0.0,0,Sale,DLD
DXB-100438,2023-06-01,Mirdif,TOWNHOUSE,2 BR,47.2,671255.0,2.0,3,Sale,DLD
DXB-101464,30-Jun-2025,Palm Jumeirah,Villa,5 BR,85.2,4503082.0,5.0,2,Sale,Developer
DXB-100582,2023-11-11,Business Bay,APT,Studio,93.0,"AED 1,723,330",0.0,1,Sale,Developer
DXB-100259,2025-06-25,Palm Jumeirah,villa,5 BR,,4581034.0,5.0,1,Sale,Broker
DXB-100860,2026-04-18,Dubai Silicon Oasis,TOWNHOUSE,3 BR,163.6,3577320.0,3.0,1,Sale,DLD
DXB-100326,2024-10-26,Jumeirah Village Circle,TOWNHOUSE,2 BR,91.3,1162114.0,2.0,2,Mortgage,DLD
DXB-100226,2025-11-12,Dubai Silicon Oasis,Apartment,Studio,74.9,741391.0,0.0,3,Sale,DLD
DXB-101368,2026-07-20,Bur Dubai,APT,3 BR,200.9,"AED 1,601,978",3.0,0,Mortgage,DLD
DXB-100465,2024-04-12,Jumeirah,Villa,3 BR,39.6,1236024.0,3.0,2,Sale,Developer
DXB-100553,2025-10-18,Arabian Ranches,Hotel Apartment,2 BR,164.5,4211570.0,2.0,2,Sale,Broker
DXB-100061,2026-08-04,Jumeirah Lake Towers,apartment,1 BR,84.2,1720069.0,1.0,0,Mortgage,DLD
DXB-100418,2023-09-19,Downtown Dubai ,Apartment,3 BR,138.5,3669793.0,3.0,2,Sale,DLD
DXB-101113,2026-03-25,Mirdif,Hotel Apartment,Studio,100.4,2007551.0,0.0,3,Mortgage,DLD
DXB-100708,2026-05-25,Al Barsha,Apartment,1 BR,274.7,1257587.0,1.0,1,Sale,DLD
DXB-101475,2023-05-22,Jumeirah Lake Towers,apartment,2 BR,106.6,2375696.0,2.0,1,Sale,DLD
DXB-100538,2026-03-20,Al Barsha,apartment,3 BR,93.1,975250.0,3.0,0,Sale,DLD
DXB-100155,2024-01-14,Deira,villa,3 BR,119.7,923402.0,3.0,1,Sale,Broker
DXB-100796,2025-02-09,Arabian Ranches,Apartment,Studio,125.9,2507495.0,0.0,2,Sale,Broker
DXB-101224,2024-04-18,Jumeirah,Apartment,Studio,229.5,5302999.0,0.0,0,Sale,DLD
DXB-100977,09-Aug-2024,Mirdif,Apartment,2 BR,231.3,3580103.0,2.0,1,Sale,DLD
DXB-101199,2023-07-03,Business Bay,town house,3 BR,133.3,889496.0,3.0,0, Sale ,DLD
DXB-100082,12-Jun-2025,JLT,Townhouse,2 BR,80.5,1978782.0,2.0,2,Sale,DLD
DXB-101413,2025-04-06,Arabian Ranches,Hotel Apartment,Studio,67.3,1947618.0,0.0,1,Sale,DLD
DXB-101250,2024-02-05,Palm Jumeirah,Apartment,3 BR,401.7,10167674.0,3.0,2,Mortgage,DLD
DXB-100366,2025-08-13,International City,Townhouse,3 BR,119.5,1109881.0,3.0,2,Sale,Broker
DXB-101317,2023-05-12,Palm Jumeirah,apartment,3 BR,94.9,,3.0,1,Sale,DLD
DXB-100861,2026-06-16,International City,Townhouse ,4 BR,,520265.0,4.0,1,Mortgage,DLD
DXB-101135,2024-03-29,Mirdif,APT,2 BR,104.4,1310968.0,,2,Sale,DLD
DXB-100611,2026-03-13,Arabian Ranches,Villa,5 BR,95.0,1104919.0,5.0,2,Sale,Developer
DXB-100348,2023-08-22,Downtown Dubai,VILLA,3 BR,167.8,7035755.0,3.0,1,Mortgage,DLD
DXB-101208,2025-02-25,Business Bay,Apartment ,2 BR,734.9,8133365.0,2.0,3,Mortgage,DLD
DXB-101374,2026-07-09,Jumeirah Lake Towers ,Hotel Apartment,2 BR,347.4,6825326.0,2.0,2,Sale,DLD
DXB-100166,2024-02-10,Jumeirah,Townhouse,2 BR,152.2,5930532.0,2.0,2,Mortgage,DLD
DXB-100856,2026-05-15,Dubai Hills Estate,Townhouse,4 BR,83.8,3084718.0,4.0,2,Mortgage,DLD
DXB-101158,2026-05-14,Jumeirah Village Circle,apartment,2 BR,113.7,1664328.0,2.0,3,Mortgage,Broker
DXB-101437,2025-04-25,Mirdif,Apartment,2 BR,46.8,633402.0,2.0,2,Sale,DLD
DXB-100546,2025-09-17,Palm Jumeirah,Apartment,3 BR,111.1,2958540.0,3.0,3,Sale,Developer
DXB-100204,2026-07-25,Jumeirah Lake Towers,Apartment,2 BR,197.6,2759981.0,2.0,0,Mortgage,Developer
DXB-101325,2025-11-27,Dubai Hills Estate,Penthouse,3 BR,252.4,8946089.0,3.0,0,Mortgage,DLD
DXB-100709,2024-07-04,Deira,Apartment,Studio,104.6,1075523.0,0.0,1,Sale,DLD
DXB-100605,2024-01-26,Jumeirah Village Circle,Townhouse,3 BR,176.7,1529473.0,3.0,3,Mortgage,DLD
DXB-101373,2026-05-03,Deira,Townhouse,2 BR,126.8,1183271.0,2.0,0,Sale,DLD
DXB-100186,2023-01-12,Jumeirah,Apartment,3 BR,55.3,1599417.0,3.0,2,Sale,Broker
DXB-100777,2025-01-14,Deira,APARTMENT,3 BR,142.4,1824254.0,3.0,3,Sale,DLD
DXB-101470,2025-04-27,Palm Jumeirah,Hotel Apartment,2 BR,257.5,9315502.0,2.0,0,Sale,DLD
DXB-101282,2024-06-27,Jumeirah Village Circle,Apartment,3 BR,234.8,3097668.0,,0,Sale,Broker
DXB-100009,2023-09-14,Deira,Apartment,3 BR,111.4,1291271.0,3.0,1,Sale,DLD
DXB-100010,2023-08-20,Dubai Hills Estate,Apartment,1 BR,93.6,1694338.0,1.0,2,Sale,DLD
DXB-101116,2023-10-27,Dubai Marina,Apartment,3 BR,113.7,1915422.0,3.0,2,Sale,DLD
DXB-101308,2025-06-09,Deira,Apartment,1 BR,68.9,1034328.0,1.0,2,Sale,Broker
DXB-100721,09-Nov-2024,Dubai Silicon Oasis,Apartment,3 BR,154.9,2339484.0,3.0,1,Sale,DLD
DXB-100630,2025-01-05,Palm Jumeirah,Hotel Apartment,Studio,100.1,3311598.0,0.0,1,Sale,Broker
DXB-100981,09/02/2025,Downtown Dubai,Townhouse,2 BR,32.1,1260307.0,2.0,3,Mortgage,DLD
DXB-100746,2024-05-02,Palm Jumeirah,Apartment,2 BR,114.9,3102965.0,2.0,3,Sale,DLD
DXB-101116,2023-10-27,Dubai Marina,Apartment,3 BR,113.7,1915422.0,3.0,2,Sale,DLD
DXB-100555,03-Aug-2024,Palm Jumeirah,Apartment,3 BR,115.5,"AED 3,279,499",3.0,0,Mortgage,Developer
DXB-100289,2024-08-18,Jumeirah Village Circle,APT,2 BR,44.1,611293.0,2.0,3,Sale,DLD
DXB-100728,2025-09-27,Dubai Hills Estate,Apartment,Studio,137.2,2100218.0,0.0,1,Mortgage,DLD
DXB-100427,2026-04-07,Bur Dubai,Townhouse,3 BR,106.6,823399.0,3.0,3,Sale, DLD 
DXB-100561,2024-03-15,Jumeirah Village Circle,Apartment,2 BR,242.9,3775857.0,2.0,2,Sale,Broker
DXB-100793,2026-08-20,International City,Apartment,2 BR,124.7,1249630.0,2.0,2,Sale,Developer
DXB-101102,2024-11-29,Jumeirah Village Circle ,Townhouse,2 BR,120.2,1260510.0,2.0,3, Mortgage ,DLD
DXB-101436,2023-07-11,International City,Apartment,Studio,164.8,"AED 2,454,544",0.0,1,Mortgage,DLD
DXB-101057,2025-09-07,Al Barsha,Apartment,1 BR,128.5,1949251.0,1.0,1,Sale,Broker
DXB-100121,2026-07-05,Mirdif,Villa,6 BR,85.8,1848145.0,6.0,1,Mortgage,DLD
DXB-100656,2023-07-23,Al Barsha,Penthouse,4 BR,,2683845.0,4.0,3,Mortgage,Developer
DXB-101073,2024-11-13,Mirdif,Hotel Apartment,2 BR,92.3,1126072.0,,3,Sale,Broker
DXB-100767,2025-08-12,Jumeirah,Apartment,2 BR,106.9,2863827.0,2.0,2,Sale,DLD
DXB-100151,2025-08-23,Business Bay,Penthouse,4 BR,84.9,2197428.0,4.0,2,Sale,Broker
DXB-101384,2024-10-12,Dubai Hills Estate,Hotel Apartment,Studio,81.6,1997478.0,0.0,3,Sale,Developer
DXB-100112,2024-02-21,Dubai Marina,Apartment ,3 BR,89.5,2024422.0,3.0,1,Sale,Broker
DXB-100833,2026-02-11,International City,Villa,6 BR,182.8,1297033.0,6.0,2, Sale ,Developer
DXB-101105,2023-09-27,Palm Jumeirah,town house,2 BR,75.1,2915617.0,2.0,1,Sale,DLD
DXB-100423,2026-07-20,Dubai Hills Estate,Apartment,2 BR,78.1,1202327.0,2.0,2,Mortgage,DLD
DXB-100872,2025-11-10,Deira,Hotel Apartment,1 BR,25.9,474867.0,1.0,3,Sale,DLD
DXB-100914,2025-10-26,Jumeirah,Hotel Apartment,Studio,496.1,18342335.0,0.0,3,Sale,DLD
DXB-100918,2024-11-10,Dubai Marina,Apartment,2 BR,73.1,1766531.0,2.0,0,Sale,DLD
DXB-100051,2023-09-22,Jumeirah Village Circle,Apartment,Studio,53.2,757963.0,0.0,1,Mortgage,DLD
DXB-100130,2025-10-05,Dubai Hills Estate,Apartment,Studio,120.8,2768511.0,0.0,1,Sale,DLD
DXB-100461,2025-07-17,Mirdif,Apartment,2 BR,151.6,1544855.0,2.0,3,Sale,DLD
DXB-101033,2024-08-05,Jumeirah Lake Towers ,Hotel Apartment,1 BR,63.6,1560044.0,1.0,3,Sale,DLD
DXB-100850,2023-04-01,Jumeirah,Apartment ,Studio,231.2,7149177.0,0.0,2,Mortgage,Broker
DXB-100133,2023-05-09,Downtown Dubai,Apartment,Studio,126.6,818547.0,0.0,0,Sale, Broker 
DXB-100000,2025-08-02,Jumeirah,Townhouse,4 BR,196.6,5693580.0,4.0,2,Mortgage,Broker
DXB-101381,2026-01-19,Downtown Dubai,Apartment,3 BR,108.2,3600677.0,3.0,3,Sale,DLD
DXB-101210,2023-07-10,Jumeirah Village Circle ,Townhouse ,2 BR,89.2,,2.0,2,Sale,Developer
DXB-101445,2025-01-14,,VILLA,3 BR,84.8,4171707.0,3.0,0,Mortgage,Broker
DXB-101201,2024-08-06,Jumeirah,Villa,4 BR,61.6,1781308.0,4.0,3,Mortgage,DLD
DXB-100699,2023-01-31,,Apartment,3 BR,76.8,1941676.0,3.0,0,Sale,DLD
DXB-101042,2026-04-15,Jumeirah,Villa,4 BR,129.4,"AED 2,755,141",4.0,2,Sale,DLD
DXB-100986,2025-10-04,Jumeirah Lake Towers,APARTMENT,Studio,136.6,1800264.0,0.0,2,Mortgage,Broker
DXB-101375,2025-06-26,Dubai Silicon Oasis,Apartment ,Studio,132.3,1473548.0,0.0,2,Sale,Developer
DXB-101307,2025-02-12,Jumeirah,villa,6 BR,111.8,,6.0,3,Sale,Broker
DXB-100411,2023-12-26,Mirdif,Villa,5 BR,49.0,722407.0,5.0,0,Mortgage,DLD
DXB-100322,2026-01-10,Jumeirah,Apartment,3 BR,132.7,2835035.0,3.0,3,Mortgage,Broker
DXB-100001,2025-04-18,Arabian Ranches,apartment,2 BR,72.6,2316152.0,2.0,0,Sale,Broker
DXB-100111,2025-05-08,Jumeirah,Apartment,1 BR,122.8,3531442.0,1.0,2,Sale,DLD
DXB-100435,2026-08-19,International City,APARTMENT,2 BR,129.9,1978355.0,2.0,0,Sale,DLD
DXB-100452,2026-02-03,Palm Jumeirah,Villa,6 BR,139.0,4727554.0,6.0,2,Mortgage,Broker
DXB-100038,08-30-2025,jlt,Apartment,3 BR,106.8,1639937.0,3.0,3,Sale,DLD
DXB-100183,2024-09-08,Dubai Marina,Apartment,Studio,76.2,509058.0,0.0,2,Sale,DLD
DXB-101474,2023-05-20,Deira,Apartment,3 BR,,1153431.0,3.0,0,Sale,Developer
DXB-100879,2024-09-20,Dubai Marina,Villa,5 BR,82.3,2391405.0,5.0,0,Sale,DLD
DXB-100217,2023-09-23,Palm Jumeirah,Apartment,3 BR,127.6,3157910.0,3.0,2,Sale,DLD
DXB-100998,2023-11-02,Arabian Ranches,Hotel Apartment,2 BR,166.6,,2.0,2,Mortgage,DLD
DXB-101088,2025-02-19,Mirdif,apartment,3 BR,134.2,"AED 2,017,641",3.0,1,Sale,DLD
DXB-100854,2024-12-14,Al Barsha,Apartment,3 BR,112.6,1474989.0,3.0,1,Sale,DLD
DXB-100306,2024-09-20,Jumeirah Lake Towers,Apartment,1 BR,58.4,"AED 1,090,583",1.0,0,Sale,DLD
DXB-100729,2024-10-24,International City,Apartment,1 BR,86.8,1206546.0,1.0,2,Sale,Developer
DXB-100440,2024-02-28,Mirdif,Penthouse,4 BR,79.7,976447.0,4.0,0,Mortgage,Developer
DXB-101030,2025-09-23,Dubai Silicon Oasis,Villa,5 BR,85.6,1231106.0,5.0,1,Sale,DLD
DXB-100549,2025-10-31,International City,Apartment,3 BR,187.9,1064254.0,3.0,1,Sale,Broker
DXB-100313,2025-12-31,Business Bay,APARTMENT,2 BR,69.1,1699713.0,2.0,1,Sale,DLD
DXB-100969,2024-08-28,International City,Apartment,1 BR,47.6,315327.0,1.0,1,Sale,DLD
DXB-101150,2025-02-17,Jumeirah Lake Towers ,Apartment,3 BR,89.7,1248254.0,3.0,1, Mortgage ,Broker
DXB-100700,2024-01-15,Jumeirah Village Circle ,Apartment,1 BR,,947247.0,1.0,1,Sale,DLD
DXB-100331,26/08/2023,Deira,apartment,Studio,84.0,1279034.0,0.0,1,Mortgage,DLD
DXB-100036,2023-08-24,Deira,Apartment,Studio,108.0,1005507.0,0.0,1,Sale,DLD
DXB-100110,2024-03-21,Dubai Silicon Oasis,Apartment,Studio,83.9,824535.0,0.0,3,Sale,Broker
DXB-101064,2024-12-31,Jumeirah,Apartment,Studio,96.0,2776008.0,0.0,0,Sale,DLD
DXB-100888,2023-03-29,Jumeirah Village Circle,Apartment,1 BR,216.5,1879585.0,1.0,1,Sale,DLD
DXB-101141,2023-04-07,Deira,Townhouse,2 BR,56.3,886136.0,2.0,1,Sale,DLD
DXB-100915,2023-03-09,Downtown Dubai,Hotel Apartment,Studio,177.1,6009038.0,0.0,0,Mortgage, DLD 
DXB-101218,2024-03-02,Al Barsha,Villa,3 BR,244.7,"AED 2,928,715",3.0,1,Sale,DLD
DXB-100926,2026-05-25,Al Barsha,Apartment,3 BR,136.6,2138881.0,3.0,3,Sale,DLD
DXB-100745,2025-07-04,Mirdif,Apartment,Studio,75.4,551914.0,0.0,2,Sale,Developer
DXB-100614,2024-08-01,Jumeirah,apartment,Studio,195.8,3639810.0,0.0,3,Sale,DLD
DXB-100775,2023-12-23,Jumeirah Village Circle,Penthouse,2 BR,99999.0,1737798.0,2.0,2,Mortgage,Broker
DXB-101014,2023-11-18,,APARTMENT,2 BR,37.2,697099.0,2.0,1,Sale,Broker
DXB-100713,27-May-2023,Business Bay,Hotel Apartment,1 BR,8000.0,60000000,1.0,2,Sale,Developer
DXB-100577,2026-03-09,,Villa,3 BR,145.6,2341519.0,3.0,3,Mortgage,Broker
DXB-100712,2024-02-28,Deira,Townhouse,3 BR,48.8,616398.0,3.0,1,Sale,DLD
DXB-100433,2026-04-30,Dubai Hills Estate,Townhouse,4 BR,111.8,2211146.0,4.0,0,Sale,DLD
DXB-100163,2023-02-27,Jumeirah Lake Towers,APT,1 BR,228.3,3926897.0,1.0,3,Sale,Developer
DXB-100263,2024-01-24,Deira,Apartment,Studio,53.7,740785.0,0.0,2,Sale,DLD
DXB-100231,2023-07-02,Business Bay,Apartment,2 BR,77.1,2601714.0,2.0,1,Sale,Developer
DXB-100302,2023-07-27,International City,APT,Studio,148.4,1467805.0,0.0,3,Mortgage,DLD
DXB-101492,2024-03-05,Arabian Ranches,Villa,6 BR,164.0,3098957.0,6.0,2,Sale,DLD
DXB-100927,2025-09-21,Jumeirah Village Circle,Penthouse,2 BR,-25.0,934945.0,2.0,0, Sale ,DLD
DXB-100175,02/02/2025,Dubai Silicon Oasis,Apartment,1 BR,54.0,"AED 500,353",1.0,2,Sale,DLD
DXB-101146,2023-08-20,Palm Jumeirah,town house,4 BR,83.1,3552504.0,4.0,0,Mortgage,Broker
DXB-100149,13-Dec-2025,downtown dubai,Apartment,1 BR,124.7,3608491.0,1.0,1,Sale,Broker
DXB-101461,2024-12-05,Dubai Hills Estate,Apartment,2 BR,58.0,1418446.0,2.0,1,Sale,Broker
DXB-101206,15-May-2023,Bur Dubai,Villa,4 BR,130.1,2099034.0,4.0,3,Mortgage,DLD
DXB-100071,2024-05-27,Al Barsha,Apartment,Studio,95.0,"AED 1,269,275",0.0,3,Sale,DLD
DXB-100168,2023-07-23,Deira,Apartment,2 BR,,975901.0,2.0,1, Mortgage ,DLD
DXB-100455,2023-08-05,Deira,APT,Studio,46.9,525154.0,0.0,1,Sale,DLD
DXB-100089,2023-03-16,Al Barsha,Apartment,1 BR,137.1,2144460.0,1.0,2,Sale,DLD
DXB-100117,2024-03-16,International City,VILLA,5 BR,190.1,2702631.0,5.0,3,Sale,DLD
DXB-100487,2025-03-14,Mirdif,apartment,3 BR,110.4,1310070.0,,2,Mortgage,DLD
DXB-100321,2024-07-17,jvc,Apartment,2 BR,89.7,1821374.0,2.0,2,Sale,Developer
DXB-101335,2023-01-12,Palm Jumeirah,Penthouse,4 BR,207.9,8854875.0,4.0,0,Sale,DLD
DXB-101423,2025-08-21,Palm Jumeirah,Apartment,3 BR,,,3.0,3,Sale,Broker
DXB-100459,2023-04-29,Dubai Hills Estate,Villa,6 BR,71.0,"AED 1,437,409",6.0,1,Mortgage,DLD
DXB-101487,2026-07-21,Business Bay,Apartment,2 BR,207.7,4038743.0,2.0,3,Mortgage,DLD
DXB-101469,13/08/2023,Jumeirah,Apartment,Studio,75.4,1823063.0,0.0,3,Sale,Broker
DXB-101166,2023-12-02,Palm Jumeirah,Townhouse,2 BR,97.4,3037592.0,2.0,2,Sale,DLD
DXB-100241,2025-11-21,Business Bay,town house,3 BR,168.6,3916890.0,3.0,2,Sale,DLD
DXB-100698,2026-05-08,Jumeirah Lake Towers,Villa,5 BR,211.6,4612842.0,5.0,0,Sale,Broker
DXB-100841,2024-08-14,Al Barsha,Townhouse,3 BR,200.3,2843946.0,3.0,3,Mortgage,DLD
DXB-100913,2025-08-01,Dubai Silicon Oasis,Hotel Apartment,2 BR,104.4,1027837.0,2.0,0,Sale,DLD
DXB-101087,2023-12-24,Bur Dubai,Townhouse,4 BR,122.4,1839881.0,4.0,3,Mortgage,DLD
DXB-100702,2023-11-07,Business Bay,Apartment,3 BR,54.1,1029361.0,3.0,3,Mortgage,Broker
DXB-101143,2023-02-04,Palm Jumeirah,Townhouse,4 BR,26.1,977877.0,4.0,1,Sale,Broker
DXB-100584,2024-05-28,Jumeirah,Hotel Apartment,1 BR,106.4,"AED 2,526,251",1.0,3,Sale,DLD
DXB-100979,2025-07-13,Jumeirah Village Circle,Apartment,2 BR,84.6,1028909.0,2.0,0,Sale,DLD
DXB-101128,2025-05-22,Dubai Silicon Oasis,Villa,4 BR,197.3,4770509.0,4.0,3,Sale,Broker
DXB-100692,2025-07-19,Jumeirah Village Circle,apartment,1 BR,334.3,6432230.0,1.0,0,Mortgage,Broker
DXB-100270,2024-10-17,Jumeirah Village Circle,Apartment,1 BR,201.8,3023356.0,1.0,1,Sale,DLD
DXB-100595,2025-07-31,Jumeirah Lake Towers,Apartment,Studio,47.1,1073734.0,0.0,3,Sale,Developer
DXB-100785,2026-07-01,Dubai Silicon Oasis,APARTMENT,2 BR,141.2,"AED 2,234,457",2.0,1,Mortgage,DLD
DXB-100496,03-25-2025,Downtown Dubai,Apartment,2 BR,170.0,5995875.0,2.0,0,Sale,DLD
DXB-100220,2023-01-30,Arabian Ranches,Apartment,2 BR,-10.0,1958325.0,2.0,0,Sale,DLD
DXB-101340,2024-05-06,Dubai Marina ,Apartment,3 BR,303.2,8715772.0,3.0,3,Sale,DLD
DXB-100877,2023-07-20,Business Bay,APT,1 BR,127.4,1989452.0,1.0,2,Mortgage,DLD
DXB-100920,2024-09-14,Mirdif,Apartment,3 BR,90.8,933481.0,3.0,1,Sale,DLD
DXB-101084,2026-06-13,Al Barsha,Hotel Apartment,1 BR,187.2,4442503.0,1.0,1,Sale,DLD
DXB-100984,2025-04-12,Deira,Apartment,2 BR,76.8,1113880.0,2.0,0,Sale,Developer
DXB-101155,2024-12-04,Jumeirah Village Circle,Apartment,Studio,86.3,1154886.0,0.0,2,Sale,Broker
DXB-100312,2026-07-13,Bur Dubai,Apartment,2 BR,132.3,1721553.0,2.0,2,Sale,DLD
DXB-101412,2025-02-15,Dubai Hills Estate,town house,4 BR,133.9,4042278.0,4.0,0,Sale,Developer
DXB-100507,2023-12-01,Deira,Townhouse,4 BR,327.1,4390739.0,4.0,3,Sale,Broker
DXB-100393,03-05-2025,Jumeirah Village Circle,Villa,3 BR,151.7,2172193.0,3.0,1,Sale,DLD
DXB-100409,2025-10-27,Al Barsha,Hotel Apartment,1 BR,278.1,2997129.0,1.0,0,Sale,DLD
DXB-100677,2024-12-16,Jumeirah,Apartment,1 BR,156.8,3765651.0,1.0,3,Mortgage,DLD
DXB-100952,2023-04-23,,Apartment,3 BR,113.4,-1000000,3.0,0,Mortgage,Developer
DXB-101434,2025-06-05,Dubai Silicon Oasis,APT,3 BR,99.6,1718314.0,3.0,1,Sale,DLD
DXB-100328,2026-07-17,Dubai Hills Estate,Villa,6 BR,60.3,2888854.0,,3,Mortgage,Broker
DXB-101036,2026-08-14,Arabian Ranches,Apartment,Studio,62.2,1654066.0,0.0,1,Sale,DLD
DXB-100085,2026-03-01,Dubai Hills Estate,Apartment,2 BR,135.4,3052579.0,2.0,2,Mortgage,Developer
DXB-100083,2023-06-26,Business Bay,Apartment,2 BR,77.7,1933734.0,2.0,0,Sale,DLD
DXB-100206,2026-08-22,,Apartment ,1 BR,325.3,3577761.0,1.0,0,Sale,DLD
DXB-100103,2023-01-08,Palm Jumeirah,Hotel Apartment,2 BR,118.7,3203888.0,2.0,1,Mortgage,DLD
DXB-100734,2025-12-08,Jumeirah Lake Towers,Apartment,1 BR,60.0,822303.0,1.0,0,Mortgage,DLD
DXB-100694,2024-07-07,,Hotel Apartment,1 BR,66.1,2330250.0,1.0,0,Sale,DLD
DXB-100497,2025-03-11,Al Barsha,Villa,6 BR,45.5,992537.0,6.0,3,Sale,Broker
DXB-100327,2025-01-27,Business Bay,Apartment ,2 BR,116.6,2521733.0,2.0,0,Sale,DLD
DXB-101497,2025-02-08,Dubai Hills Estate,Villa,6 BR,106.8,3379181.0,6.0,0,Sale,DLD
DXB-100660,2025-05-01,Dubai Silicon Oasis,Apartment,1 BR,-10.0,1822939.0,1.0,1,Mortgage,DLD
DXB-100346,2023-11-16,International City,Hotel Apartment,2 BR,88.2,950476.0,2.0,2,Mortgage,DLD
DXB-100210,2026-07-27,Mirdif,Villa ,4 BR,126.5,1876409.0,4.0,1,Sale,Developer
DXB-100567,2024-09-24,Jumeirah Village Circle ,Apartment,Studio,96.2,1263547.0,0.0,0,Sale,DLD
DXB-100142,2025-09-06,Palm Jumeirah,Hotel Apartment,2 BR,68.6,2618048.0,2.0,2,Mortgage,Broker
DXB-100514,2024-09-14,Business Bay,APT,2 BR,188.3,4243233.0,2.0,3,Sale,Broker
DXB-101028,2025-06-22,Arabian Ranches,town house,2 BR,229.8,5001926.0,2.0,0,Sale,Broker
DXB-100864,2025-06-30,International City,APT,1 BR,61.5,602444.0,1.0,3,Mortgage,Developer
DXB-100891,2024-08-23,Bur Dubai,Hotel Apartment,Studio,91.7,1218776.0,0.0,3,Sale,DLD
DXB-100814,2025-11-28,Dubai Hills Estate,Apartment,1 BR,180.4,5539415.0,1.0,2,Sale,DLD
DXB-101261,2023-08-12,Business Bay,Apartment,Studio,222.0,5352389.0,0.0,2,Mortgage,Developer
DXB-100563,2026-06-16,Jumeirah,Villa,5 BR,190.9,5057535.0,5.0,2,Sale,DLD
DXB-101081,2024-07-05,JLT,Hotel Apartment,2 BR,120.8,2214688.0,2.0,0, Sale ,Broker
DXB-100371,2023-07-05,Business Bay,APARTMENT,3 BR,601.1,11005832.0,3.0,3,Sale,DLD
DXB-101011,2025-03-16,Bur Dubai,Villa,6 BR,217.1,3943436.0,6.0,3,Sale,Broker
DXB-100890,2023-11-20,Dubai Silicon Oasis,Apartment,Studio,97.9,1002185.0,0.0,2,Sale,DLD
DXB-101240,2025-08-30,Dubai Hills Estate,Penthouse,4 BR,72.9,"AED 2,209,771",4.0,3,Mortgage,DLD
DXB-100683,2023-09-29,Dubai Silicon Oasis,Apartment,3 BR,211.7,3294632.0,3.0,0,Sale,DLD
DXB-100632,2026-08-12,Dubai Marina,Apartment,1 BR,276.5,6778213.0,1.0,0,Sale,Broker
DXB-100194,2025-11-16,Jumeirah,apartment,2 BR,138.0,4161891.0,2.0,1,Sale,DLD
DXB-100513,2024-11-12,Jumeirah Village Circle,Apartment,3 BR,87.2,1648216.0,3.0,3, Sale ,DLD
DXB-100209,2023-02-19,Business Bay,apartment,1 BR,,2450102.0,1.0,0,Mortgage,DLD
DXB-101000,2023-09-23,Jumeirah Lake Towers,apartment,3 BR,201.3,4773605.0,3.0,0,Sale, DLD 
DXB-100635,2023-06-28,Al Barsha,Apartment,Studio,144.0,1937979.0,0.0,0,Mortgage,DLD
DXB-100087,2023-01-01,Jumeirah Village Circle,Apartment,1 BR,56.0,578624.0,1.0,2,Mortgage,DLD
DXB-101186,2026-04-02,Business Bay,APT,3 BR,73.4,1698926.0,3.0,0,Sale,DLD
DXB-100909,2024-01-02,Bur Dubai,Apartment,2 BR,129.4,1631863.0,2.0,2,Mortgage,Developer
DXB-100190,2024-06-13,Dubai Marina,Hotel Apartment,Studio,148.5,4371871.0,0.0,0,Mortgage,DLD
DXB-100178,2026-02-10,Business Bay,Penthouse,3 BR,214.5,8977797.0,3.0,3,Sale,Broker
DXB-100556,2025-11-12,Arabian Ranches,Apartment,3 BR,96.5,2515481.0,3.0,3,Mortgage,DLD
DXB-101139,2023-05-14,Al Barsha,VILLA,6 BR,100.7,1142596.0,6.0,3,Sale,DLD
DXB-101268,2023-07-24,Dubai Marina,Apartment,1 BR,36.8,1064931.0,1.0,2,Mortgage,DLD
DXB-101179,2025-08-16,Palm Jumeirah,Apartment,Studio,77.2,2074139.0,0.0,3,Sale,DLD
DXB-100744,2023-01-13,Business Bay,APARTMENT,1 BR,153.8,4292783.0,1.0,1,Sale,Broker
DXB-101111,2023-03-22,Al Barsha,Apartment,Studio,64.8,1032659.0,0.0,1,Sale,DLD
DXB-100511,2026-07-06,Dubai Silicon Oasis,Townhouse ,2 BR,202.0,2638018.0,2.0,3,Sale,DLD
DXB-101262,2024-08-04,Jumeirah Lake Towers,APARTMENT,Studio,69.1,2024645.0,0.0,2,Sale,DLD
DXB-100471,2026-02-06,Jumeirah,Apartment,1 BR,47.8,1838833.0,1.0,0,Mortgage,Broker
DXB-100398,2024-06-11,dubai marina,Apartment,3 BR,107.9,1245857.0,3.0,0,Mortgage,DLD
DXB-100035,2025-03-23,Mirdif,Apartment,2 BR,336.1,6998410.0,2.0,1,Mortgage,DLD
DXB-100205,2024-05-12,Arabian Ranches,Apartment ,Studio,147.8,2815879.0,0.0,1,Sale,Developer
DXB-100608,2024-11-17,International City,Townhouse,2 BR,133.4,1100931.0,2.0,3,Sale,DLD
DXB-101306,2023-04-07,Jumeirah,Villa ,4 BR,156.4,5818031.0,4.0,1,Sale, DLD 
DXB-101124,03-13-2024,Jumeirah,Apartment,Studio,162.8,4608942.0,0.0,1,Sale,Broker
DXB-101067,2023-01-14,Palm Jumeirah,Villa ,4 BR,126.4,4129169.0,4.0,2,Sale,DLD
DXB-100429,2025-08-21,Jumeirah Lake Towers,TOWNHOUSE,2 BR,123.8,2866046.0,2.0,2,Sale,DLD
DXB-101252,2024-10-04,Mirdif,Apartment,Studio,135.8,"AED 997,056",0.0,1,Sale,DLD
DXB-100228,2023-03-06,Jumeirah,Villa,3 BR,148.5,3917711.0,3.0,1,Sale,DLD
DXB-101003,2025-10-11,Palm Jumeirah,Apartment,2 BR,,5876243.0,2.0,1,Sale,Broker
DXB-101029,2023-12-07,Palm Jumeirah,APARTMENT,Studio,146.1,3475499.0,0.0,2,Sale,DLD
DXB-101482,2025-02-23,Deira,Villa,6 BR,68.3,,6.0,2,Sale,Broker
DXB-101432,2023-04-11,Bur Dubai,apartment,1 BR,187.3,1347409.0,1.0,0,Sale,DLD
DXB-100727,2025-02-08,Al Barsha,Apartment,3 BR,110.9,1772667.0,3.0,2,Sale,Broker
DXB-100318,2023-05-10,Business Bay,Apartment,2 BR,107.3,2360109.0,2.0,3,Sale,Broker
DXB-100629,2023-07-02,Deira,Townhouse,3 BR,55.1,511674.0,3.0,1,Sale,DLD
DXB-100925,2024-11-08,Dubai Silicon Oasis,Apartment ,Studio,87.8,1015767.0,0.0,2,Mortgage,Broker
DXB-100893,2023-03-01,Business Bay,Apartment,3 BR,175.9,5482258.0,3.0,0,Sale,DLD
DXB-101019,2023-12-11,Arabian Ranches,Apartment ,2 BR,106.0,3295746.0,2.0,3,Mortgage,Broker
DXB-101401,2024-06-12,Downtown Dubai,Apartment,Studio,151.0,"AED 4,028,659",0.0,3,Mortgage, DLD 
DXB-100034,27-Jun-2023,downtown dubai,Apartment,Studio,75.6,1943171.0,0.0,0,Mortgage,Developer
DXB-100075,06-28-2026,Jumeirah,Apartment,3 BR,94.8,1841242.0,3.0,1,Sale,DLD
DXB-100173,2024-04-01,Dubai Hills Estate,Hotel Apartment,2 BR,166.8,3219786.0,2.0,2,Mortgage,Broker
DXB-101075,2023-05-30,Dubai Marina,APT,2 BR,69.3,1625952.0,2.0,3, Mortgage ,Developer
DXB-101219,2024-04-17,Jumeirah Village Circle,Apartment,1 BR,135.2,2266996.0,1.0,1,Sale,Broker
DXB-101348,2023-09-07,Jumeirah,Apartment ,2 BR,27.2,421984.0,2.0,0,Sale,DLD
DXB-101446,2026-06-28,Jumeirah Lake Towers,Hotel Apartment,Studio,53.1,1397720.0,0.0,2,Mortgage,DLD
DXB-100747,2025-10-15,Mirdif,APARTMENT,3 BR,77.6,837482.0,3.0,2,Mortgage,DLD
DXB-101404,2023-09-28,Business Bay,APT,Studio,84.9,1418826.0,0.0,2,Sale, Developer 
DXB-100508,2024-08-26,Dubai Marina,APARTMENT,2 BR,112.8,2207032.0,2.0,3,Sale,Broker
DXB-100710,2025-03-04,Dubai Hills Estate,Hotel Apartment,Studio,77.0,2565890.0,0.0,3,Sale,DLD
DXB-100607,2024-09-11,Arabian Ranches,Apartment,3 BR,121.2,2621540.0,3.0,1,Sale,DLD
DXB-100387,2023-02-07,Jumeirah,Hotel Apartment,1 BR,45.4,1090114.0,1.0,2,Sale,DLD
DXB-101117,2025-11-27,Downtown Dubai ,Townhouse,2 BR,179.3,6196250.0,2.0,0,Sale,DLD
DXB-101486,2023-02-03,Dubai Silicon Oasis,Hotel Apartment,2 BR,232.1,3009757.0,2.0,1,Sale,Broker
DXB-100751,2024-01-17,Jumeirah,apartment,1 BR,61.7,1136111.0,1.0,1,Sale,DLD
DXB-100911,2026-08-21,Mirdif,Penthouse,3 BR,115.3,1976742.0,3.0,0,Sale,Broker
DXB-100148,2025-10-23,Mirdif,Apartment,1 BR,59.7,928682.0,1.0,1,Mortgage,DLD
DXB-100753,19-Oct-2024,Jumeirah Lake Towers,APARTMENT,2 BR,,1230253.0,,0,Sale,DLD
DXB-100402,2025-05-30,Jumeirah Village Circle,Townhouse,3 BR,94.2,1133819.0,3.0,0,Mortgage,DLD
DXB-100340,2023-12-09,Dubai Silicon Oasis,Apartment,3 BR,89.3,1346536.0,3.0,3,Mortgage,DLD
DXB-101251,2025-04-14,Dubai Hills Estate,Apartment ,Studio,108.2,1976096.0,0.0,1,Mortgage,DLD
DXB-100987,2026-04-17,Downtown Dubai,APARTMENT,3 BR,131.3,4526845.0,3.0,1,Sale,DLD
DXB-100200,2024-12-05,Bur Dubai,Townhouse ,4 BR,78.0,707285.0,4.0,1,Sale,Developer
DXB-101115,14/02/2025,Al Barsha,apartment,2 BR,99.7,"AED 1,751,415",2.0,0,Sale,DLD
DXB-100732,2025-04-19,Palm Jumeirah,Apartment ,1 BR,46.1,1232764.0,1.0,2,Sale,DLD
DXB-100540,18/07/2026,Jumeirah,Hotel Apartment,1 BR,148.8,1276872.0,1.0,2,Sale,DLD
DXB-100691,2024-12-07,International City,Penthouse,4 BR,106.2,1238232.0,4.0,2,Sale,Broker
DXB-100609,2025-08-02,Arabian Ranches,APARTMENT,1 BR,101.0,2386711.0,1.0,1,Mortgage,DLD
DXB-101498,12/05/2024,Business Bay,Apartment,3 BR,44.2,756636.0,3.0,3,Mortgage,Broker
DXB-100955,16/04/2023,Mirdif,Penthouse,2 BR,95.2,1278111.0,2.0,1,Sale,Broker
DXB-100280,2025-06-09,,Apartment,3 BR,62.6,"AED 1,361,050",3.0,0,Sale,Developer
DXB-100410,2025-07-21,Downtown Dubai,villa,6 BR,169.0,3878135.0,6.0,2,Mortgage,DLD
DXB-101195,2024-08-05,Al Barsha,Apartment,Studio,97.7,1849441.0,0.0,1,Mortgage,Developer
DXB-101299,2024-06-05,Downtown Dubai,Apartment,1 BR,64.8,2427469.0,1.0,2,Sale,Broker
DXB-101187,2026-02-05,Business Bay,Hotel Apartment,Studio,77.1,2816006.0,0.0,0,Sale,DLD
DXB-100687,2025-07-14,Mirdif,Hotel Apartment,Studio,131.7,1922294.0,0.0,0,Mortgage,DLD
DXB-100335,2025-11-26,Business Bay,Villa ,5 BR,92.6,1378756.0,5.0,2,Sale,DLD
DXB-100642,2024-09-12,,Apartment,2 BR,38.7,478312.0,2.0,1,Sale,Broker
DXB-100314,2026-01-02,Palm Jumeirah,Apartment,2 BR,52.3,1173345.0,2.0,1,Sale,DLD
DXB-100782,2026-02-25,downtown dubai,Apartment,3 BR,68.5,"AED 1,570,012",3.0,3,Mortgage,DLD
DXB-101193,11-13-2024,Dubai Marina,Hotel Apartment,Studio,191.6,5124163.0,0.0,1,Sale,DLD
DXB-101455,2024-05-23,Downtown Dubai ,APARTMENT,2 BR,44.9,1533691.0,2.0,0,Mortgage,DLD
DXB-101451,2025-06-08,Business Bay,Villa,6 BR,163.6,4656377.0,6.0,2,Mortgage,Broker
DXB-101320,08-Jul-2023,International City,APARTMENT,2 BR,40.0,509701.0,2.0,1,Sale, DLD 
DXB-100092,2023-06-27,Arabian Ranches,Apartment,Studio,110.8,1682881.0,0.0,1,Sale,DLD
DXB-100834,2025-02-16,Jumeirah Village Circle,VILLA,5 BR,140.5,1132346.0,5.0,2,Sale,DLD
DXB-100592,2024-02-22,Mirdif,Apartment,Studio,260.5,1161231.0,0.0,1,Sale,Developer
DXB-101485,15/06/2023,Dubai Hills Estate,Apartment,1 BR,134.5,3637610.0,1.0,3,Mortgage,DLD
DXB-100394,2026-01-02,Dubai Hills Estate,Apartment,1 BR,113.9,2597863.0,1.0,3,Sale,Broker
DXB-101311,2024-12-27,Deira,Hotel Apartment,1 BR,124.2,1773695.0,1.0,3,Sale,DLD
DXB-101069,2025-08-15,Downtown Dubai,Apartment,Studio,127.8,2593400.0,0.0,1,Sale,Developer
DXB-100575,2023-06-22,Arabian Ranches,Apartment,1 BR,148.4,2552102.0,1.0,2,Sale,Broker
DXB-100573,2024-11-27,Jumeirah Lake Towers,Townhouse ,4 BR,99.5,1159311.0,4.0,2,Sale,DLD
DXB-101399,2024-05-30,International City,Apartment,3 BR,254.9,2651148.0,3.0,0,Sale,DLD
DXB-100735,2025-12-24,Business Bay,Villa,6 BR,42.4,1265784.0,6.0,1,Sale,DLD
DXB-101354,2025-03-14,Al Barsha,Penthouse,3 BR,75.6,1276371.0,3.0,1,Sale,DLD
DXB-100279,2023-07-28,Arabian Ranches,Penthouse,2 BR,161.9,"AED 6,030,403",2.0,2,Mortgage,DLD
DXB-100337,2023-08-12,dubai marina,villa,3 BR,199.3,5414739.0,3.0,3,Mortgage,Developer
DXB-100227,2025-03-29,Dubai Hills Estate,Villa,6 BR,106.9,1775389.0,6.0,1,Sale,DLD
DXB-100008,2023-04-02,International City,Apartment,1 BR,220.5,1005112.0,1.0,3,Sale,DLD
DXB-101109,2025-06-25,Jumeirah Lake Towers,Apartment,Studio,108.1,2350755.0,0.0,1,Sale,DLD
DXB-101312,2025-10-15,Dubai Hills Estate,Villa,4 BR,108.3,3683539.0,4.0,0,Mortgage,DLD
DXB-101191,2024-03-05,Dubai Hills Estate,Apartment,2 BR,165.8,3540532.0,2.0,0,Mortgage,DLD
DXB-100068,2025-04-05,Jumeirah Village Circle,Apartment ,1 BR,160.5,2865003.0,1.0,1,Sale,DLD
DXB-101388,2023-02-22,Dubai Hills Estate,Hotel Apartment,1 BR,116.2,2036111.0,1.0,3,Sale,DLD
DXB-101120,2024-10-17,Arabian Ranches,Villa ,3 BR,81.6,1706259.0,3.0,1,Sale,DLD
DXB-101145,2026-05-12,Jumeirah Lake Towers,Apartment,Studio,88.4,1317489.0,0.0,3,Sale,Broker
DXB-101180,2025-11-23,International City,town house,2 BR,148.5,2103564.0,2.0,1,Sale,Developer
DXB-101322,2026-05-12,Palm Jumeirah,Apartment ,3 BR,188.6,6475103.0,3.0,3,Sale,Developer
DXB-101211,2026-04-03,Arabian Ranches,Townhouse ,4 BR,240.1,6983242.0,4.0,2,Sale,Developer
DXB-100024,2026-02-12,Dubai Hills Estate,Townhouse,4 BR,117.0,2785396.0,4.0,1,Mortgage, DLD 
DXB-100633,2024-03-02,Jumeirah,Apartment ,Studio,163.1,-1000000,0.0,3,Mortgage,DLD
DXB-100470,2024-03-09,Business Bay,apartment,3 BR,196.1,4244909.0,3.0,3,Sale,Broker
DXB-100557,2024-01-02,Dubai Hills Estate,Apartment,3 BR,56.4,835891.0,3.0,1,Mortgage,DLD
DXB-100293,2025-01-26,Jumeirah Lake Towers,Apartment,1 BR,66.5,1155819.0,1.0,0,Sale,Broker
DXB-100772,20/03/2024,Al Barsha,Villa,3 BR,96.8,1697457.0,3.0,3,Sale,DLD
DXB-101441,2025-10-31,Dubai Hills Estate,Apartment,1 BR,178.0,2941932.0,1.0,2,Sale,Broker
DXB-101188,2023-01-15,Dubai Marina,Apartment,3 BR,164.5,3876834.0,3.0,0,Sale,DLD
DXB-101022,2023-02-11,Dubai Silicon Oasis,Hotel Apartment,2 BR,,583688.0,2.0,3,Sale,DLD
DXB-100120,2024-01-01,International City,villa,5 BR,105.5,1308723.0,5.0,3,Sale,DLD
DXB-100905,2024-11-17,,VILLA,4 BR,92.3,2885477.0,4.0,2,Sale,DLD
DXB-100510,2023-04-18,Mirdif,Apartment,3 BR,89.5,940431.0,3.0,1, Mortgage ,DLD
DXB-100179,2025-05-23,JVC,TOWNHOUSE,2 BR,267.4,"AED 3,525,456",2.0,3,Mortgage,DLD
DXB-101093,2023-01-04,Palm Jumeirah,Apartment,2 BR,,2785927.0,2.0,2,Mortgage,DLD
DXB-101183,2024-09-30,Deira,APARTMENT,1 BR,204.3,2326243.0,1.0,3,Sale,Developer
DXB-100815,2025-09-11,Downtown Dubai,Penthouse,3 BR,73.7,3001368.0,,1,Sale,DLD
DXB-101472,2023-04-16,Al Barsha,Apartment,1 BR,221.1,"AED 3,367,167",1.0,0,Mortgage,DLD
DXB-100863,04/03/2023,International City,Villa,6 BR,,409153.0,6.0,3,Sale,Broker
DXB-101082,2023-08-31,Jumeirah,Hotel Apartment,2 BR,103.3,2527955.0,2.0,3,Sale,DLD
DXB-101331,2024-04-29,Jumeirah Lake Towers,Apartment,Studio,76.0,1311637.0,,3,Mortgage,Broker
DXB-100380,2023-09-05,Deira,Villa,4 BR,118.6,1579900.0,4.0,2,Sale,DLD
DXB-100604,04-Dec-2023,,Hotel Apartment,Studio,91.4,975298.0,0.0,3,Sale,DLD
DXB-101246,2025-02-05,Jumeirah Lake Towers,Villa,4 BR,71.4,1881525.0,4.0,1,Sale,DLD
DXB-101327,2024-03-20,Palm Jumeirah,Villa,5 BR,129.1,7709947.0,5.0,0,Sale,DLD
DXB-100550,2025-04-13,Palm Jumeirah,Apartment,1 BR,226.0,10801529.0,1.0,3,Sale,DLD
DXB-101171,2026-03-29,Business Bay,Townhouse,3 BR,90.6,1925889.0,3.0,2,Mortgage,DLD
DXB-100251,2024-10-29,Jumeirah,Penthouse,2 BR,160.7,4579823.0,2.0,3,Sale,DLD
DXB-101410,2023-04-01,downtown dubai,Townhouse,2 BR,84.2,"AED 2,762,471",2.0,3,Sale,DLD
DXB-100212,2024-06-03,Dubai Hills Estate,Apartment,3 BR,134.9,2593461.0,3.0,3,Sale,DLD
DXB-101298,2023-02-08,Dubai Marina,Villa,5 BR,162.0,4225615.0,5.0,1,Sale,Broker
DXB-100330,2023-01-30,International City,Townhouse,3 BR,266.8,3887151.0,3.0,0,Sale,DLD
DXB-100432,20/02/2026,Business Bay,Villa,6 BR,54.3,1320568.0,6.0,1,Mortgage,Broker
DXB-100276,2026-04-24,Downtown Dubai,Apartment,1 BR,81.3,2581137.0,1.0,2,Sale,DLD
DXB-101353,2025-11-06,Palm Jumeirah,Apartment,2 BR,,2726222.0,2.0,0,Sale,DLD
DXB-100291,2023-10-17,Palm Jumeirah,Apartment,3 BR,126.5,4351794.0,3.0,1,Sale,Broker
DXB-100901,2024-02-10,Mirdif,apartment,2 BR,241.6,"AED 3,994,129",2.0,1,Sale,Broker
DXB-100448,2025-12-29,International City,APARTMENT,1 BR,131.5,1390376.0,1.0,3,Sale,DLD
DXB-101273,2024-02-21,Jumeirah Lake Towers,Villa,3 BR,110.5,3009841.0,3.0,0,Mortgage,Broker
DXB-101323,2025-03-10,Business Bay,Townhouse,2 BR,42.3,724518.0,2.0,0,Sale,Broker
DXB-100303,2024-02-22,Jumeirah Lake Towers,Apartment ,3 BR,201.0,3057029.0,3.0,0,Mortgage,DLD
DXB-101302,2023-12-02,jvc,Townhouse,3 BR,152.9,1206770.0,3.0,1,Sale,DLD
DXB-101424,2025-08-13,Jumeirah Lake Towers,Apartment,3 BR,90.1,1693802.0,3.0,0,Mortgage,DLD
DXB-100940,2026-07-15,Dubai Silicon Oasis,Apartment,2 BR,56.5,618003.0,2.0,2,Mortgage,DLD
DXB-100067,14-Mar-2025,Arabian Ranches,Apartment,2 BR,,2963842.0,2.0,0,Sale, Broker 
DXB-100019,2025-12-07,Jumeirah,Villa,4 BR,93.5,1799034.0,4.0,0,Mortgage,DLD
DXB-100324,2023-04-25,Palm Jumeirah,town house,3 BR,271.6,11213425.0,3.0,0,Sale,Broker
DXB-101392,2026-04-10,Dubai Marina,Apartment,Studio,86.2,2185653.0,0.0,0, Mortgage ,DLD
DXB-100054,28/12/2023,Jumeirah,villa,5 BR,263.0,5620233.0,5.0,1,Sale,DLD
DXB-100963,07-13-2023,Dubai Hills Estate,Apartment,1 BR,51.8,1396398.0,1.0,3,Sale,DLD
DXB-100931,2023-11-27,Downtown Dubai ,Apartment,Studio,42.8,1281204.0,0.0,1,Sale,Developer
DXB-101428,2024-04-13,,Townhouse,2 BR,132.5,4562591.0,2.0,1,Sale,Broker
DXB-100150,2024-01-23,Arabian Ranches,Townhouse,3 BR,82.5,2473625.0,3.0,3,Sale,Developer
DXB-101263,12-12-2024,Jumeirah,Hotel Apartment,Studio,128.5,,0.0,3,Sale,Broker
DXB-101121,2023-06-13,Mirdif,Apartment,Studio,150.6,1867394.0,0.0,2,Sale,Broker
DXB-101352,2023-02-08,Dubai Silicon Oasis,Apartment,1 BR,278.9,5213151.0,1.0,2,Sale,DLD
DXB-101130,2025-08-06,dubai marina,Hotel Apartment,1 BR,77.8,1264775.0,1.0,0,Sale,DLD
DXB-100743,2024-09-19,Palm Jumeirah,Apartment,3 BR,61.8,3061362.0,3.0,3,Sale,Developer
DXB-100749,2024-01-31,Bur Dubai,Townhouse,3 BR,118.5,1499998.0,3.0,1,Sale,DLD
DXB-100755,2024-01-02,JLT,Apartment ,1 BR,466.2,9053885.0,1.0,3,Sale,DLD
DXB-101048,2025-01-06,Dubai Hills Estate,Penthouse,2 BR,95.5,2715629.0,2.0,0,Sale,DLD
DXB-100811,2024-09-14,Palm Jumeirah,Apartment,3 BR,512.8,"AED 20,996,670",3.0,0,Sale,Broker
DXB-100661,2026-07-12,Al Barsha,Penthouse,2 BR,89.4,2204096.0,2.0,3,Sale,DLD
DXB-101391,2025-02-19,Deira,Townhouse,3 BR,65.8,426331.0,3.0,1,Sale,DLD
DXB-101106,2024-05-18,downtown dubai,apartment,1 BR,99.9,1942539.0,1.0,1,Mortgage,DLD
DXB-100255,2023-09-07,Jumeirah Village Circle,Townhouse,3 BR,90.3,1266305.0,3.0,2,Sale,DLD
DXB-100934,2025-08-17,Jumeirah Village Circle,town house,3 BR,274.6,5884674.0,3.0,3,Sale,Broker
DXB-100869,2025-11-18,Arabian Ranches,APT,1 BR,97.4,2623638.0,1.0,3,Sale,DLD
DXB-101405,2024-04-20,Bur Dubai,Apartment ,Studio,111.7,1355362.0,0.0,1,Sale,DLD
DXB-100892,2024-04-22,Palm Jumeirah,Apartment,3 BR,95.5,4353426.0,3.0,1,Sale,DLD
DXB-100873,2023-08-29,Al Barsha,Apartment,Studio,69.6,"AED 1,165,467",0.0,2,Mortgage,DLD
DXB-100613,2025-05-31,Downtown Dubai,Hotel Apartment,Studio,265.9,9822433.0,0.0,0,Mortgage,DLD
DXB-101100,2026-08-18,Downtown Dubai,Apartment,1 BR,152.5,4431800.0,1.0,0,Mortgage,DLD
DXB-100388,2025-12-26,JLT,Apartment,1 BR,92.6,1455978.0,1.0,2,Sale,Developer
DXB-100936,2025-06-13,Al Barsha,Hotel Apartment,1 BR,149.8,3788444.0,1.0,2,Sale,DLD
DXB-100406,2024-07-19,Dubai Hills Estate,Apartment,1 BR,44.9,1201156.0,1.0,3,Mortgage,Developer
DXB-100794,2025-07-01,Bur Dubai,Apartment,3 BR,155.7,1774599.0,3.0,3,Sale,DLD
DXB-100715,2026-05-12,JLT,Apartment,Studio,233.2,4409848.0,0.0,1,Mortgage,DLD
DXB-101134,2025-09-30,Mirdif,Hotel Apartment,2 BR,105.5,1028905.0,2.0,0,Sale,DLD
DXB-101023,2026-07-18,JLT,Apartment,3 BR,72.4,733434.0,3.0,1,Sale,DLD
DXB-101055,2023-08-03,Dubai Hills Estate,Villa,5 BR,212.3,4470493.0,5.0,2,Sale,DLD
DXB-101332,2024-02-13,Deira,Apartment,3 BR,84.5,1021404.0,3.0,1,Sale,DLD
DXB-100246,2026-07-15,Jumeirah,Villa,6 BR,135.5,2851445.0,6.0,3,Sale,DLD
DXB-100145,2026-05-14,Dubai Silicon Oasis,Apartment,1 BR,55.0,627777.0,1.0,2,Mortgage,DLD
DXB-101417,2025-05-27,jvc,Apartment,Studio,98.5,1731825.0,0.0,1,Sale,DLD
DXB-101152,2025-04-23,Bur Dubai,Apartment,Studio,108.8,1384292.0,0.0,0,Sale,DLD
DXB-101395,2026-08-01,Al Barsha,Apartment,3 BR,150.3,2196732.0,3.0,0,Sale,DLD
DXB-100622,2023-07-11,Jumeirah Lake Towers,Hotel Apartment,1 BR,95.7,1944712.0,1.0,1,Sale,DLD
DXB-101491,2026-06-07,Jumeirah Village Circle,Townhouse,3 BR,63.3,639344.0,3.0,3,Sale,Broker
DXB-100460,2023-04-13,Palm Jumeirah,Villa,4 BR,61.8,1822794.0,4.0,1,Sale,Developer
DXB-100486,2025-05-09,Dubai Hills Estate,Apartment,3 BR,216.1,6528319.0,3.0,0,Sale,DLD
DXB-101478,2024-06-16,,Apartment,Studio,102.1,1313240.0,0.0,3,Mortgage,Broker
DXB-100090,2024-10-31,Dubai Hills Estate,Apartment,2 BR,72.3,1789800.0,2.0,1,Mortgage,DLD
DXB-101229,2024-08-26,dubai marina,apartment,1 BR,147.4,3097326.0,1.0,3,Sale,DLD
DXB-100492,2025-09-13,Dubai Hills Estate,Villa ,6 BR,135.2,4838468.0,6.0,2,Sale,DLD
DXB-100170,2023-01-08,International City,Apartment,Studio,196.2,2213049.0,0.0,0,Sale,DLD
DXB-100056,2025-08-26,Deira,Apartment,Studio,235.3,2532604.0,0.0,1,Mortgage,DLD
DXB-100404,2023-09-14,Dubai Hills Estate,Hotel Apartment,Studio,143.8,2813444.0,0.0,2,Sale, Developer 
DXB-101265,2025-03-22,Mirdif,Townhouse,3 BR,35.8,412654.0,3.0,0,Sale,Developer
DXB-100599,2023-10-01,International City,Villa ,4 BR,225.6,3372411.0,4.0,3,Mortgage,DLD
DXB-101015,27/08/2023,Jumeirah Village Circle,Apartment,2 BR,106.6,1981565.0,2.0,2,Sale,DLD
DXB-100097,2023-03-30,jlt,Apartment,Studio,104.1,2414399.0,0.0,0,Sale,DLD
DXB-100826,2023-12-29,Dubai Hills Estate,Villa,5 BR,41.2,1220172.0,5.0,1,Sale,Broker
DXB-101140,2023-01-21,Arabian Ranches,APT,3 BR,239.5,5976595.0,3.0,1,Sale,Broker
DXB-101225,2025-01-17,Jumeirah Village Circle,Penthouse,2 BR,196.1,3723742.0,2.0,0,Sale,DLD
DXB-100479,2024-11-08,Jumeirah,Apartment,2 BR,118.1,3241671.0,2.0,3,Sale,DLD
DXB-100323,2025-06-14,International City,Apartment,3 BR,77.0,794356.0,3.0,0,Sale,Broker
DXB-101217,10-26-2023,Dubai Hills Estate,Villa,5 BR,88.4,2713306.0,5.0,0,Mortgage,DLD
DXB-101357,2024-08-09,Business Bay,Apartment,1 BR,86.2,2286904.0,1.0,2,Mortgage,DLD
DXB-100098,2023-11-28,jvc,Apartment,3 BR,150.6,2267790.0,3.0,1,Sale,Developer
DXB-101199,2023-07-03,Business Bay,town house,3 BR,133.3,889496.0,3.0,0,Sale,DLD
DXB-100424,2023-12-26,International City,Villa,4 BR,82.4,"AED 787,145",4.0,1,Sale,Broker
DXB-100296,2025-01-28,Business Bay,Hotel Apartment,1 BR,49.5,1016260.0,1.0,1,Sale,Broker
DXB-100737,10-30-2023,Al Barsha,APARTMENT,3 BR,143.8,2752606.0,3.0,3,Sale,DLD
DXB-101435,2025-02-18,Bur Dubai,Hotel Apartment,Studio,102.0,1503670.0,0.0,3,Sale,Broker
DXB-100902,2023-12-30,Al Barsha,Apartment,2 BR,128.4,1528779.0,2.0,1,Sale,DLD
DXB-100601,2024-02-01,International City,Townhouse,3 BR,142.5,1856756.0,3.0,1,Sale,Broker
DXB-100999,2025-04-16,Al Barsha,Apartment,Studio,133.4,1574058.0,0.0,1,Sale,Broker
DXB-101372,2025-03-06,Business Bay,Apartment,2 BR,110.0,2062259.0,2.0,1,Sale,DLD
DXB-100395,2023-02-04,Jumeirah,Apartment,1 BR,75.9,2526576.0,1.0,1,Sale,DLD
DXB-100426,2024-05-12,Al Barsha,Apartment,1 BR,120.4,1841599.0,1.0,0,Sale,DLD
DXB-101369,2023-02-28,Al Barsha,Apartment,2 BR,73.9,1406997.0,2.0,2,Sale,DLD
DXB-101038,2025-10-29,Jumeirah Lake Towers,APARTMENT,3 BR,124.0,2063377.0,3.0,2,Sale,DLD
DXB-100252,2024-02-20,Jumeirah village circle,Apartment,3 BR,51.8,598370.0,3.0,1,Mortgage,DLD
DXB-100238,2023-05-23,Bur Dubai,Apartment,1 BR,160.6,"AED 1,746,502",1.0,3,Sale,DLD
DXB-101144,2026-06-10,,Apartment,2 BR,84.4,2075432.0,2.0,2,Mortgage,Broker
DXB-100844,2023-09-03,Bur Dubai,Apartment,1 BR,141.6,1529156.0,1.0,3,Sale,DLD
DXB-101309,2025-12-15,International City,Hotel Apartment,1 BR,61.8,757159.0,1.0,2,Sale,DLD
DXB-100845,2024-05-15,Al Barsha,Penthouse,3 BR,105.7,2057325.0,3.0,3,Mortgage,DLD
DXB-100554,2024-06-09,Palm Jumeirah,Apartment,Studio,127.2,4405274.0,0.0,3,Sale,Broker
DXB-101220,02-06-2023,downtown dubai,Apartment,3 BR,69.3,2224024.0,3.0,3,Sale,Broker
DXB-100545,2024-10-24,International City,Apartment,1 BR,205.6,"AED 2,608,806",1.0,0,Sale,Broker
DXB-100250,19-Jul-2024,Dubai Hills Estate,Villa,3 BR,150.0,3540567.0,3.0,2, Mortgage ,DLD
DXB-100739,2023-07-25,Deira,APT,3 BR,150.2,,3.0,3,Sale,DLD
DXB-100964,2025-02-21,Jumeirah Village Circle,Hotel Apartment,Studio,294.4,5776125.0,0.0,3,Sale,DLD
DXB-100198,2023-10-29,Mirdif,Apartment,1 BR,76.1,600352.0,1.0,0,Sale,DLD
DXB-100897,2024-04-03,Dubai-Marina,APARTMENT,1 BR,64.6,1594354.0,1.0,2,Sale,DLD
DXB-101345,2024-09-01,Al Barsha,Villa,3 BR,89.3,2208686.0,3.0,2,Mortgage,DLD
DXB-101342,2023-04-28,Al Barsha,Apartment,2 BR,88.9,1554462.0,2.0,2,Mortgage,DLD
DXB-101314,10/10/2023,Jumeirah,Apartment,2 BR,144.8,2279634.0,2.0,0,Mortgage,Broker
DXB-100989,2025-07-25,Al Barsha,Townhouse,3 BR,60.0,975094.0,3.0,0,Sale,Developer
DXB-101040,2025-11-11,JLT,apartment,1 BR,,,1.0,0,Sale,Developer
DXB-101182,2026-06-29,Downtown Dubai,Apartment,1 BR,78.7,1981223.0,1.0,0,Sale,DLD
DXB-100243,2023-07-19,Al Barsha,Apartment,1 BR,176.7,3135954.0,1.0,2,Sale,DLD
DXB-100066,2026-06-08,Deira,Villa,5 BR,91.5,1077175.0,5.0,0,Sale,DLD
DXB-101456,2023-01-29,Dubai Silicon Oasis,Apartment,Studio,264.6,3227922.0,0.0,2,Sale,DLD
DXB-100933,2026-05-20,Arabian Ranches,Townhouse,3 BR,138.3,2705343.0,3.0,3,Mortgage,DLD
DXB-100359,2026-05-16,Al Barsha,VILLA,6 BR,83.8,1847304.0,6.0,1,Sale,DLD
DXB-100095,2024-04-02,Jumeirah,Villa,3 BR,69.2,1652383.0,3.0,1,Sale,Broker
DXB-101481,2025-04-29,Jumeirah Lake Towers,Apartment,3 BR,100.4,2148047.0,3.0,0,Mortgage,DLD
DXB-101495,2023-02-14,International City,Villa,3 BR,99.1,1295024.0,3.0,1,Sale,DLD
DXB-100521,2024-07-26,Jumeirah Lake Towers ,Apartment,1 BR,245.7,5947576.0,1.0,2,Sale,DLD
DXB-100974,2024-12-09,Downtown Dubai,Apartment,Studio,61.8,1737476.0,0.0,2,Sale,DLD
DXB-100665,2025-05-19,Palm Jumeirah,Villa ,3 BR,41.4,1177338.0,3.0,0,Mortgage,DLD
DXB-100361,2025-05-21,Jumeirah,Apartment,3 BR,79.8,2584720.0,3.0,3,Sale,Broker
DXB-100484,2026-03-25,Palm Jumeirah,Apartment,Studio,184.8,5910666.0,0.0,1,Sale,Broker
DXB-101175,2026-02-11,Dubai Hills Estate,Townhouse,2 BR,246.6,6652934.0,2.0,2,Sale,Developer
DXB-101280,2025-04-17,Al Barsha,APT,Studio,102.2,2719522.0,0.0,2,Mortgage,DLD
DXB-100311,2024-10-18,Palm Jumeirah,Apartment,Studio,143.6,4433967.0,0.0,3,Sale,Broker
DXB-101328,2024-01-24,Dubai Marina,APT,Studio,203.5,5227111.0,0.0,0,Mortgage, DLD 
DXB-100842,2023-12-05,Dubai Silicon Oasis,Apartment,2 BR,65.7,458543.0,2.0,0,Sale,DLD
DXB-100413,2024-06-05,Downtown Dubai,Penthouse,3 BR,126.6,5844099.0,3.0,0,Mortgage,Developer
DXB-101157,2024-11-28,Jumeirah Lake Towers,Apartment,3 BR,384.6,7388463.0,3.0,2,Sale,DLD
DXB-100031,2023-06-05,Jumeirah Lake Towers,Hotel Apartment,Studio,111.7,2842145.0,0.0,3,Sale,DLD
DXB-100765,2024-11-14,Palm Jumeirah,Apartment,3 BR,61.3,1688199.0,3.0,0,Sale,DLD
DXB-100458,2026-02-01,Deira,Townhouse,4 BR,42.5,330596.0,4.0,0,Sale,Developer
DXB-101185,2023-09-15,Dubai Silicon Oasis,Townhouse,3 BR,74.6,1023170.0,3.0,1,Sale,Developer
DXB-100339,2023-05-03,Bur Dubai,Hotel Apartment,2 BR,5000.0,45000000,2.0,3,Mortgage,DLD
DXB-100286,2024-12-23,Downtown Dubai,Apartment,2 BR,190.8,5529322.0,2.0,3,Sale,DLD
DXB-101272,2026-03-28,Bur Dubai,Apartment,1 BR,95.4,1233926.0,1.0,2,Mortgage,DLD
DXB-100413,2024-06-05,Downtown Dubai,Penthouse,3 BR,126.6,5844099.0,3.0,0,Mortgage,Developer
DXB-100949,2026-03-02,Jumeirah Village Circle ,Apartment,Studio,131.4,1536494.0,0.0,1,Mortgage,DLD
DXB-100139,2025-05-20,Al Barsha,Apartment,3 BR,46.3,808447.0,3.0,0,Sale,Broker
DXB-100848,2025-06-20,Jumeirah,Apartment,1 BR,39.7,1096200.0,1.0,2,Sale,DLD
DXB-101025,2026-03-02,JVC,Apartment,Studio,77.8,1262765.0,0.0,0, Sale ,Broker
DXB-101231,2023-03-20,Bur Dubai,villa,3 BR,97.1,1709169.0,3.0,3,Mortgage,DLD
DXB-101138,2023-05-06,,Apartment,Studio,100.8,1127809.0,0.0,3,Sale,Broker
DXB-100900,2023-09-11,Al Barsha,Apartment,3 BR,71.8,1653889.0,3.0,0,Mortgage,Broker
DXB-100731,2026-05-04,Deira,Apartment,1 BR,100.2,907047.0,1.0,1,Sale,DLD
DXB-100264,2026-05-22,Al Barsha,Hotel Apartment,1 BR,98.1,1676070.0,1.0,0,Mortgage,DLD
DXB-100274,2025-04-25,Business Bay,Villa,4 BR,131.1,2848865.0,4.0,1,Sale,Broker
DXB-101094,2023-01-19,Mirdif,villa,6 BR,155.9,2449563.0,6.0,0,Sale,DLD
DXB-100444,2025-10-20,Bur Dubai,Apartment,Studio,94.3,1321133.0,0.0,1,Sale,Developer
DXB-100039,2024-05-16,Jumeirah Village Circle,Villa,6 BR,108.1,2524530.0,6.0,0,Mortgage,Broker
DXB-101122,2026-05-25,Mirdif,Townhouse,2 BR,135.2,1915301.0,2.0,3,Sale,DLD
DXB-101264,2025-02-20,Dubai Silicon Oasis,Villa,4 BR,44.6,"AED 598,740",4.0,3,Sale,Broker
DXB-100021,2024-10-20,Downtown Dubai,Apartment,2 BR,34.1,1091684.0,2.0,0,Sale,DLD
DXB-100705,2024-09-16,Al Barsha,Villa,4 BR,125.3,1995090.0,4.0,3,Sale,DLD
DXB-100517,2025-09-26,Bur Dubai,TOWNHOUSE,3 BR,46.1,759848.0,3.0,2,Mortgage,DLD
DXB-101173,2023-07-01,Dubai Hills Estate,Townhouse,3 BR,29.1,702360.0,3.0,0,Sale,Developer
DXB-100354,2024-02-25,Mirdif,Apartment ,Studio,198.4,2578921.0,0.0,0,Sale,DLD
DXB-100297,2024-11-13,Bur Dubai,Townhouse,2 BR,85.9,1060914.0,2.0,2,Sale,Developer
DXB-101076,2023-09-01,Mirdif,Apartment ,2 BR,208.8,2994049.0,2.0,1,Mortgage,DLD
DXB-100839,2023-01-17,Mirdif,Apartment,1 BR,138.5,1517048.0,1.0,3,Mortgage,DLD
DXB-101222,2025-12-11,Deira,Penthouse,4 BR,80.8,1221191.0,4.0,1,Sale,DLD
DXB-100924,2023-02-16,International City,Apartment,1 BR,110.6,1079181.0,1.0,1,Sale,Broker
DXB-100122,2025-05-25,Al Barsha,Apartment ,3 BR,58.8,1339201.0,3.0,2,Sale,DLD
DXB-101227,2024-09-28,International City,Apartment,Studio,52.9,573315.0,0.0,3,Sale,DLD
DXB-101091,2024-01-02,Dubai Marina,Villa,5 BR,67.5,1676536.0,5.0,3,Sale,Broker
DXB-101247,2025-01-15,Jumeirah Village Circle,Apartment,Studio,213.3,2596839.0,0.0,1,Mortgage,DLD
DXB-101151,2026-08-17,Al Barsha,Penthouse,4 BR,193.3,3644052.0,,1,Sale,DLD
DXB-101163,2026-07-07,Business Bay,Apartment,1 BR,148.8,2935221.0,1.0,2,Sale,DLD
DXB-100417,2026-01-27,Bur Dubai,TOWNHOUSE,2 BR,113.9,1346244.0,2.0,0,Mortgage,DLD
DXB-100966,2025-06-05,Jumeirah,Hotel Apartment,Studio,131.2,4631549.0,0.0,0,Sale,DLD
DXB-101242,05-Oct-2024,Deira,Apartment,3 BR,83.0,847741.0,3.0,1,Mortgage,Developer
DXB-100157,2024-07-19,Mirdif,Villa,5 BR,217.2,3923842.0,5.0,1,Sale,Developer
DXB-101118,2024-08-27,Business Bay,Apartment,3 BR,104.1,2069741.0,3.0,0,Mortgage,DLD
DXB-101279,2026-01-28,Deira,villa,3 BR,149.1,2198151.0,3.0,0,Sale,Broker
DXB-101063,2023-10-24,Al Barsha,Villa,3 BR,191.8,3036627.0,3.0,0,Sale, DLD 
DXB-101154,2024-11-03,Business Bay,Apartment,Studio,,1059417.0,0.0,2,Sale,DLD
DXB-101491,2026-06-07,Jumeirah Village Circle,Townhouse,3 BR,63.3,639344.0,3.0,3,Sale,Broker
DXB-100189,2026-08-06,Deira,Apartment,2 BR,160.5,1909517.0,2.0,3,Sale,Broker
DXB-100589,2026-03-25,Bur Dubai,Apartment,2 BR,92.6,1019903.0,2.0,1,Sale,Broker
DXB-100760,2025-09-13,Jumeirah village circle,villa,6 BR,53.1,979568.0,6.0,2,Mortgage,DLD
DXB-101062,2023-05-28,International City,Apartment,3 BR,75.7,815458.0,3.0,1,Sale,DLD
DXB-100242,2025-03-22,Bur Dubai,apartment,1 BR,41.7,678959.0,1.0,3,Mortgage,Broker
DXB-100884,2025-10-09,Jumeirah Village Circle,Apartment,Studio,121.6,2274875.0,0.0,1,Mortgage,DLD
DXB-101377,2024-02-29,Business Bay,Penthouse,2 BR,131.6,5417204.0,2.0,2,Mortgage,DLD
DXB-100620,2024-11-26,Mirdif,Townhouse,4 BR,43.1,479363.0,4.0,2,Sale,DLD
DXB-100650,2024-02-26,Downtown Dubai,Apartment,Studio,106.3,2802046.0,0.0,0,Sale,DLD
DXB-100503,2025-02-14,Business Bay,Apartment,2 BR,76.8,"AED 1,691,816",2.0,3,Mortgage,DLD
DXB-100922,2026-06-20,,Villa,3 BR,39.3,891050.0,3.0,3,Sale,DLD
DXB-100159,2023-05-10,Bur Dubai,Townhouse,3 BR,184.1,2508059.0,3.0,3,Sale,DLD
DXB-100882,2026-04-27,Dubai Silicon Oasis,Hotel Apartment,1 BR,0.0,1304611.0,1.0,1,Sale,DLD
DXB-100537,2024-01-16,downtown dubai,Apartment,2 BR,47.0,1252913.0,2.0,2,Mortgage,DLD
DXB-100240,2024-09-25,Business Bay,Townhouse,2 BR,112.4,2535554.0,,3,Sale,Developer
DXB-100013,2025-02-05,Jumeirah,Townhouse,4 BR,265.1,7758523.0,,1,Sale,DLD
DXB-100475,2023-07-24,Business Bay,APARTMENT,3 BR,144.2,2602125.0,3.0,0,Mortgage,DLD
DXB-101447,2023-07-31,Jumeirah Village Circle,Apartment,3 BR,320.4,5771525.0,3.0,0,Sale,DLD
DXB-101422,2025-05-08,Jumeirah,Apartment,2 BR,72.8,1708501.0,2.0,1,Mortgage,Broker
DXB-100928,2024-01-01,International City,Villa,3 BR,162.8,"AED 1,917,249",3.0,0,Sale,DLD
DXB-101338,2024-04-24,Jumeirah,Penthouse,2 BR,60.6,2363195.0,2.0,2,Sale,DLD
DXB-101385,2026-01-02,Arabian Ranches,apartment,3 BR,65.3,1565091.0,3.0,1,Sale,Broker
DXB-101344,2025-10-30,Dubai Hills Estate,Hotel Apartment,2 BR,96.4,2637840.0,2.0,2,Sale,DLD
DXB-100795,2025-01-31,Jumeirah Lake Towers ,APARTMENT,3 BR,128.4,2649503.0,3.0,0,Sale,Broker
DXB-100355,2024-04-23,Palm Jumeirah,Apartment,2 BR,,4258555.0,2.0,2,Sale,DLD
DXB-101058,2023-04-16,Business Bay,Apartment ,2 BR,62.3,530497.0,2.0,3,Sale,DLD
DXB-100334,2023-08-13,Downtown Dubai ,APARTMENT,3 BR,107.6,3797396.0,3.0,1,Mortgage,DLD
DXB-100688,2023-06-08,Mirdif,Townhouse ,4 BR,77.9,683044.0,4.0,0,Sale,DLD
DXB-101400,2026-01-16,Dubai Hills Estate,Apartment,3 BR,192.8,3734801.0,3.0,2,Sale,DLD
DXB-100184,2026-07-22,International City,Townhouse,3 BR,101.1,787482.0,3.0,0,Sale,Developer
DXB-100823,2025-06-01,Jumeirah Village Circle,Villa,4 BR,98.6,1785885.0,4.0,2,Mortgage,Developer
DXB-101429,16-May-2024,Bur Dubai,Apartment,1 BR,89.7,813292.0,1.0,3,Sale,Broker
DXB-101349,2023-01-23,Dubai Hills Estate,Apartment,Studio,170.5,2916914.0,0.0,2,Sale,DLD
DXB-101001,16-Aug-2024,Deira,Apartment,Studio,0.0,1224115.0,0.0,3,Sale,DLD
DXB-100187,2025-07-24,Palm Jumeirah,Apartment,1 BR,132.1,3096625.0,1.0,2,Sale,Developer
DXB-100941,2023-02-17,Jumeirah Lake Towers,Townhouse,3 BR,54.4,1100024.0,3.0,2,Sale, Broker 
DXB-100284,2024-05-19,Palm Jumeirah,Villa,6 BR,213.7,7249803.0,6.0,2,Sale,DLD
DXB-101415,23/03/2023,Palm Jumeirah,Townhouse,2 BR,137.5,5343988.0,2.0,0,Sale,DLD
DXB-100899,2026-08-31,Bur Dubai,Apartment,3 BR,99.7,1312994.0,3.0,3,Sale,DLD
DXB-101490,2026-08-08,Jumeirah Village Circle,APARTMENT,Studio,75.0,"AED 735,950",0.0,0,Sale,DLD
DXB-100165,2023-01-06,Palm Jumeirah,apartment,3 BR,332.7,13960848.0,3.0,3,Sale,DLD
DXB-100347,2024-05-21,Downtown Dubai ,Apartment,Studio,286.9,7307348.0,0.0,2,Sale,DLD
DXB-100298,2025-05-24,Dubai Silicon Oasis,town house,3 BR,252.3,"AED 3,182,862",3.0,3,Sale,DLD
DXB-100535,2024-08-27,Downtown Dubai,Apartment,Studio,240.2,6144405.0,0.0,3,Sale,Broker
DXB-100229,2026-01-29,Deira,Apartment,2 BR,149.2,1993072.0,2.0,2,Sale,DLD
DXB-100041,2023-03-29,Jumeirah Lake Towers,Townhouse,3 BR,117.4,1934698.0,3.0,0,Sale,DLD
DXB-100868,2025-10-15,Business Bay,Apartment,2 BR,72.8,1201982.0,2.0,3,Mortgage,DLD
DXB-100748,2023-05-31,Bur Dubai,TOWNHOUSE,4 BR,149.7,1885539.0,4.0,0,Mortgage,DLD
DXB-101466,2026-02-17,Jumeirah,Apartment,2 BR,54.8,1537883.0,2.0,1,Sale,DLD
DXB-100446,2024-08-04,JLT,Hotel Apartment,1 BR,,1397515.0,1.0,1,Mortgage,DLD
DXB-100349,2026-01-20,Jumeirah,apartment,3 BR,80.9,1605355.0,3.0,2,Sale,Broker
DXB-100045,2025-05-04,Bur Dubai,Townhouse,4 BR,78.6,1201635.0,4.0,0,Mortgage,Developer
DXB-101471,18-Jan-2024,Bur Dubai,Apartment,Studio,105.1,1838975.0,0.0,1,Sale,DLD
DXB-101494,2024-09-12,Jumeirah Lake Towers,Apartment,Studio,51.2,1184387.0,0.0,0,Sale,DLD
DXB-100108,2023-05-18,Bur Dubai,Apartment,3 BR,103.0,1346554.0,3.0,3,Sale,Broker
DXB-100029,2023-03-30,Bur Dubai,Villa,5 BR,130.0,2326842.0,5.0,2,Mortgage,Broker
DXB-100181,17/03/2025,Jumeirah Village Circle,Penthouse,2 BR,128.8,2105101.0,2.0,1,Sale,Developer
DXB-100621,2024-01-05,Business Bay,apartment,2 BR,183.1,3819713.0,2.0,0,Sale,DLD
DXB-101443,2023-09-12,Palm Jumeirah,Apartment,2 BR,47.8,1354307.0,2.0,0,Mortgage,Developer
DXB-100634,2023-09-22,Mirdif,Apartment,2 BR,57.1,,2.0,1,Sale,Broker
DXB-100104,2026-06-23,Arabian Ranches,Townhouse,2 BR,104.3,2543361.0,2.0,2,Mortgage,DLD
DXB-100060,2023-11-14,Business Bay,Villa,4 BR,409.4,7382862.0,4.0,3,Sale,DLD
DXB-100658,2023-06-07,Dubai Hills Estate,villa,3 BR,230.7,7220222.0,3.0,0,Mortgage,DLD
DXB-101107,2025-07-26,Deira,Apartment,2 BR,115.7,1398555.0,2.0,1,Mortgage,DLD
DXB-100490,2023-11-16,Downtown Dubai,VILLA,5 BR,64.2,1382651.0,5.0,3,Sale,DLD
DXB-100315,2023-10-30,Deira,APARTMENT,1 BR,177.6,1532121.0,1.0,3,Mortgage,Broker
DXB-100381,2023-04-10,Jumeirah,Hotel Apartment,2 BR,200.0,5681094.0,2.0,1,Sale,DLD
DXB-100422,2023-10-10,International City,Apartment,2 BR,25.0,"AED 322,477",2.0,3,Sale,Developer
DXB-101476,2025-08-31,Mirdif,Apartment,3 BR,43.2,751163.0,3.0,0,Mortgage,Developer
DXB-100445,2024-01-09,Arabian Ranches,villa,5 BR,64.7,1817281.0,5.0,2,Sale,DLD
DXB-100663,07/10/2023,Mirdif,Apartment,3 BR,86.9,1429095.0,3.0,3,Sale,Broker
DXB-101024,2026-02-12,Palm Jumeirah,Villa,5 BR,188.8,9276275.0,5.0,0,Sale,Developer
DXB-100779,2026-02-19,Palm Jumeirah,Penthouse,2 BR,101.4,3826026.0,,0,Mortgage,DLD
DXB-100626,2024-06-10,Jumeirah,Townhouse,2 BR,69.8,"AED 1,862,795",2.0,3,Sale,Developer
DXB-101112,2025-04-18,Jumeirah village circle,Villa,5 BR,101.3,2318563.0,5.0,2,Sale,DLD
DXB-101101,2025-05-09,Mirdif,Apartment,3 BR,73.8,1041845.0,3.0,0,Sale,Broker
DXB-100268,2024-11-27,Jumeirah Village Circle,Apartment,Studio,208.5,2568849.0,0.0,1,Sale,DLD
DXB-100929,2026-04-09,Jumeirah,Townhouse,4 BR,57.3,2245289.0,4.0,1,Sale,DLD
DXB-101147,2024-02-21,Deira,Townhouse,4 BR,202.2,2724665.0,4.0,3,Mortgage,Broker
DXB-101321,2023-01-20,Palm Jumeirah,APARTMENT,2 BR,71.2,1803758.0,2.0,1,Sale,DLD
DXB-101119,2023-12-19,Dubai Marina,Penthouse,2 BR,136.9,4741054.0,2.0,3, Sale ,Developer
DXB-100011,2023-02-14,Al Barsha,Hotel Apartment,1 BR,102.2,1833378.0,1.0,2,Mortgage,Broker
DXB-100114,01-29-2024,Dubai Hills Estate,Apartment,2 BR,146.6,4669239.0,2.0,0,Sale,DLD
DXB-100843,2024-09-24,Jumeirah Lake Towers ,Apartment,1 BR,66.8,1301440.0,1.0,0,Sale,Developer
DXB-101452,31/01/2024,Al Barsha,Penthouse,2 BR,89.2,"AED 2,708,479",2.0,2,Sale,DLD
DXB-101281,2025-09-17,Bur Dubai,Apartment,Studio,102.9,784548.0,0.0,0,Mortgage,Broker
DXB-100352,2024-09-13,Downtown Dubai,Villa,3 BR,191.5,3753054.0,3.0,2,Sale,Broker
DXB-101063,2023-10-24,Al Barsha,Villa,3 BR,191.8,3036627.0,3.0,0,Sale,DLD
DXB-100773,2025-08-15,Downtown Dubai,Townhouse,3 BR,99.7,1847594.0,3.0,2,Sale,DLD
DXB-100690,2025-04-11,Palm Jumeirah,apartment,2 BR,196.1,6221966.0,2.0,1,Mortgage,DLD
DXB-100790,2023-03-25,Downtown Dubai,APT,3 BR,181.5,5560186.0,3.0,1,Sale,DLD
DXB-100531,2026-04-27,downtown dubai,Villa,6 BR,144.1,3872594.0,6.0,2,Mortgage,DLD
DXB-100867,2025-02-09,Deira,Townhouse,3 BR,92.2,915659.0,3.0,0,Sale,DLD
DXB-100169,2025-07-12,International City,Hotel Apartment,1 BR,169.0,1782520.0,1.0,2,Sale,DLD
DXB-100239,2024-07-10,Dubai-Marina,Apartment,2 BR,188.1,4822880.0,2.0,3,Sale,Developer
DXB-101301,2023-02-16,International City,Villa,4 BR,216.2,2254600.0,4.0,1,Sale,DLD
DXB-101184,2023-04-12,Dubai Marina,Apartment,2 BR,187.9,4119188.0,2.0,2,Sale,Broker
DXB-100073,2023-12-16,Jumeirah,Apartment,3 BR,37.1,1110112.0,3.0,0,Sale,DLD
DXB-101086,2023-01-23,Jumeirah Lake Towers,Townhouse,2 BR,110.3,1648508.0,2.0,3,Mortgage,DLD
DXB-100761,2024-09-24,Al Barsha,Apartment,Studio,222.6,4879628.0,0.0,2,Sale,DLD
DXB-100740,2023-12-01,Business Bay,Apartment,1 BR,38.0,598505.0,1.0,2,Mortgage,DLD
DXB-100750,2023-03-15,Dubai Silicon Oasis,Apartment,Studio,85.9,"AED 1,947,165",0.0,1,Sale,Developer
DXB-100741,2025-07-13,JLT,Apartment,3 BR,52.0,1488884.0,3.0,0,Mortgage,DLD
DXB-100830,2025-05-26,Bur Dubai,VILLA,5 BR,152.1,2425486.0,5.0,0,Sale,DLD
DXB-100047,2023-07-06,Jumeirah,Apartment,3 BR,104.7,-1000000,3.0,3,Sale,DLD
DXB-100762,2023-05-13,Dubai Silicon Oasis,Apartment,2 BR,71.2,1138899.0,2.0,0,Sale,Developer
DXB-100591,2023-03-11,JLT,Apartment,1 BR,66.3,1119524.0,1.0,0,Mortgage,Developer
DXB-100807,2024-04-10,Jumeirah Village Circle ,Apartment,2 BR,45.9,781196.0,2.0,3,Sale,DLD
DXB-101083,2026-02-14,Jumeirah,town house,2 BR,252.1,6795608.0,2.0,3,Sale,Broker
DXB-100505,2024-06-23,Bur Dubai,Townhouse,4 BR,94.0,1419405.0,4.0,0,Sale,DLD
DXB-101044,2024-06-23,Palm Jumeirah,Apartment,Studio,95.6,3589476.0,0.0,2,Mortgage,DLD
DXB-101448,2024-10-14,Dubai Silicon Oasis,Villa,6 BR,130.6,"AED 1,770,215",6.0,1,Mortgage,Developer
DXB-100652,2023-05-23,Palm Jumeirah,villa,4 BR,336.2,16612844.0,4.0,0,Mortgage,DLD
DXB-100192,2025-01-22,,Apartment,3 BR,149.3,3538138.0,3.0,2,Mortgage,Developer
DXB-101239,2024-01-10,Business Bay,apartment,Studio,114.5,2386892.0,0.0,2,Sale,Broker
DXB-100244,03/08/2026,Arabian Ranches,Villa,5 BR,-10.0,3611911.0,5.0,3,Sale,Broker
DXB-101387,2024-06-08,Dubai-Marina,Apartment,Studio,74.2,1509787.0,0.0,0,Sale,Broker
DXB-100059,2026-07-18,Jumeirah Lake Towers ,apartment,2 BR,106.4,1641314.0,2.0,1,Sale,Broker
DXB-101245,2025-08-24,jlt,Apartment,Studio,34.6,691794.0,0.0,1,Sale,DLD
DXB-100176,2024-01-09,International City,Apartment,2 BR,70.3,620786.0,2.0,0,Mortgage,Broker
DXB-100449,01/10/2023,Al Barsha,Villa,4 BR,308.9,4850842.0,4.0,3,Sale,DLD
DXB-100055,2026-01-23,Al Barsha,Townhouse,2 BR,124.2,2338503.0,2.0,1,Sale,Broker
DXB-101278,2024-05-27,Jumeirah,Penthouse,4 BR,129.7,957594.0,4.0,1,Sale,DLD
DXB-100919,2023-08-18,International City,VILLA,5 BR,52.2,741599.0,5.0,3,Sale,DLD
DXB-101409,2024-05-24,Jumeirah Lake Towers ,Villa,5 BR,105.2,2280068.0,5.0,0,Mortgage,DLD
DXB-101221,2026-06-15,Al Barsha,apartment,1 BR,75.4,1054089.0,1.0,0,Sale,DLD
DXB-101092,30-Nov-2023,Dubai Hills Estate,apartment,2 BR,64.7,1018024.0,2.0,3,Sale,Developer
DXB-101192,2025-05-05,Jumeirah,Penthouse,4 BR,104.7,4656121.0,4.0,0,Sale,Broker
DXB-101209,2025-06-03,International City,apartment,3 BR,128.6,"AED 1,493,350",3.0,3,Sale,DLD
DXB-101059,2023-05-22,Dubai Silicon Oasis,Villa,3 BR,93.0,1314194.0,3.0,1,Sale,DLD
DXB-100641,2025-11-28,Bur Dubai,Townhouse ,2 BR,78.7,1324712.0,2.0,1,Sale,DLD
